/*
Navicat MySQL Data Transfer

Source Server         : 本地数据库
Source Server Version : 50528
Source Host           : localhost:3306
Source Database       : bankaccount

Target Server Type    : MYSQL
Target Server Version : 50528
File Encoding         : 65001

Date: 2014-12-16 21:49:01
*/

SET FOREIGN_KEY_CHECKS=0;
-- ----------------------------
-- Table structure for `money_draw`
-- ----------------------------
DROP TABLE IF EXISTS `money_draw`;
CREATE TABLE `money_draw` (
  `id` int(11) NOT NULL AUTO_INCREMENT,
  `date` date NOT NULL,
  `card_number` varchar(255) NOT NULL,
  `draw_money` decimal(11,2) NOT NULL,
  PRIMARY KEY (`id`,`card_number`)
) ENGINE=InnoDB AUTO_INCREMENT=19 DEFAULT CHARSET=utf8;

-- ----------------------------
-- Records of money_draw
-- ----------------------------
INSERT INTO `money_draw` VALUES ('1', '2014-11-22', 'admin', '800.00');
INSERT INTO `money_draw` VALUES ('14', '2014-11-24', 'zhangcheng', '19900.00');
INSERT INTO `money_draw` VALUES ('15', '2014-11-24', 'wangxiaoxiao', '11000.00');
INSERT INTO `money_draw` VALUES ('16', '2014-11-24', 'guozhenfang', '866.00');
INSERT INTO `money_draw` VALUES ('17', '2014-11-24', 'fuxiao', '0.00');
INSERT INTO `money_draw` VALUES ('18', '2014-11-25', '2012211728', '10000.00');

-- ----------------------------
-- Table structure for `money_drawdetail`
-- ----------------------------
DROP TABLE IF EXISTS `money_drawdetail`;
CREATE TABLE `money_drawdetail` (
  `id` int(11) NOT NULL AUTO_INCREMENT,
  `date` datetime NOT NULL,
  `card_number` varchar(255) NOT NULL,
  `draw_money` decimal(11,2) NOT NULL,
  PRIMARY KEY (`id`,`card_number`)
) ENGINE=InnoDB AUTO_INCREMENT=43 DEFAULT CHARSET=utf8;

-- ----------------------------
-- Records of money_drawdetail
-- ----------------------------
INSERT INTO `money_drawdetail` VALUES ('26', '2014-11-24 20:00:19', 'zhangcheng', '10000.00');
INSERT INTO `money_drawdetail` VALUES ('27', '2014-11-24 20:05:05', 'zhangcheng', '888.00');
INSERT INTO `money_drawdetail` VALUES ('28', '2014-11-24 20:05:11', 'zhangcheng', '1234.00');
INSERT INTO `money_drawdetail` VALUES ('29', '2014-11-24 20:05:48', 'wangxiaoxiao', '10000.00');
INSERT INTO `money_drawdetail` VALUES ('30', '2014-11-24 20:06:30', 'zhangcheng', '900.00');
INSERT INTO `money_drawdetail` VALUES ('31', '2014-11-24 20:47:50', 'guozhenfang', '2000.00');
INSERT INTO `money_drawdetail` VALUES ('32', '2014-11-24 20:49:31', 'guozhenfang', '11.00');
INSERT INTO `money_drawdetail` VALUES ('33', '2014-11-24 20:50:05', 'guozhenfang', '1000.00');
INSERT INTO `money_drawdetail` VALUES ('34', '2014-11-24 20:51:49', 'guozhenfang', '1234.00');
INSERT INTO `money_drawdetail` VALUES ('35', '2014-11-24 21:00:37', 'fuxiao', '10000.00');
INSERT INTO `money_drawdetail` VALUES ('36', '2014-11-24 21:01:10', 'fuxiao', '200.00');
INSERT INTO `money_drawdetail` VALUES ('37', '2014-11-24 21:01:20', 'fuxiao', '300.00');
INSERT INTO `money_drawdetail` VALUES ('38', '2014-11-24 21:01:45', 'fuxiao', '9500.00');
INSERT INTO `money_drawdetail` VALUES ('39', '2014-11-25 10:13:12', '2012211728', '1000.00');
INSERT INTO `money_drawdetail` VALUES ('40', '2014-11-25 10:17:07', '2012211728', '2000.00');
INSERT INTO `money_drawdetail` VALUES ('41', '2014-11-25 10:18:22', '2012211728', '100.00');
INSERT INTO `money_drawdetail` VALUES ('42', '2014-12-09 17:15:36', 'zhangcheng', '100.00');

-- ----------------------------
-- Table structure for `money_save`
-- ----------------------------
DROP TABLE IF EXISTS `money_save`;
CREATE TABLE `money_save` (
  `id` int(11) NOT NULL AUTO_INCREMENT,
  `date` date NOT NULL,
  `card_number` varchar(255) NOT NULL,
  `save_money` decimal(11,2) NOT NULL,
  PRIMARY KEY (`id`,`card_number`)
) ENGINE=InnoDB AUTO_INCREMENT=20 DEFAULT CHARSET=utf8;

-- ----------------------------
-- Records of money_save
-- ----------------------------
INSERT INTO `money_save` VALUES ('2', '2014-11-19', 'admin', '800.00');
INSERT INTO `money_save` VALUES ('15', '2014-11-24', 'zhangcheng', '19900.00');
INSERT INTO `money_save` VALUES ('16', '2014-11-24', 'wangxiaoxiao', '11000.00');
INSERT INTO `money_save` VALUES ('17', '2014-11-24', 'guozhenfang', '866.00');
INSERT INTO `money_save` VALUES ('18', '2014-11-24', 'fuxiao', '0.00');
INSERT INTO `money_save` VALUES ('19', '2014-11-25', '2012211728', '10000.00');

-- ----------------------------
-- Table structure for `money_savedetail`
-- ----------------------------
DROP TABLE IF EXISTS `money_savedetail`;
CREATE TABLE `money_savedetail` (
  `id` int(11) NOT NULL AUTO_INCREMENT,
  `date` datetime NOT NULL,
  `card_number` varchar(255) NOT NULL,
  `save_money` decimal(11,2) NOT NULL,
  PRIMARY KEY (`id`,`card_number`)
) ENGINE=InnoDB AUTO_INCREMENT=44 DEFAULT CHARSET=utf8;

-- ----------------------------
-- Records of money_savedetail
-- ----------------------------
INSERT INTO `money_savedetail` VALUES ('26', '2014-11-24 20:00:19', 'zhangcheng', '10000.00');
INSERT INTO `money_savedetail` VALUES ('27', '2014-11-24 20:04:33', 'zhangcheng', '1000.00');
INSERT INTO `money_savedetail` VALUES ('28', '2014-11-24 20:04:38', 'zhangcheng', '100.00');
INSERT INTO `money_savedetail` VALUES ('29', '2014-11-24 20:04:44', 'zhangcheng', '988.00');
INSERT INTO `money_savedetail` VALUES ('30', '2014-11-24 20:05:48', 'wangxiaoxiao', '10000.00');
INSERT INTO `money_savedetail` VALUES ('31', '2014-11-24 20:06:30', 'wangxiaoxiao', '900.00');
INSERT INTO `money_savedetail` VALUES ('32', '2014-11-24 20:44:00', 'zhangcheng', '100.00');
INSERT INTO `money_savedetail` VALUES ('33', '2014-11-24 20:47:50', 'guozhenfang', '2000.00');
INSERT INTO `money_savedetail` VALUES ('34', '2014-11-24 20:48:59', 'guozhenfang', '1111.00');
INSERT INTO `money_savedetail` VALUES ('35', '2014-11-24 20:51:49', 'zhangcheng', '1234.00');
INSERT INTO `money_savedetail` VALUES ('36', '2014-11-24 21:00:37', 'fuxiao', '10000.00');
INSERT INTO `money_savedetail` VALUES ('37', '2014-11-24 21:01:45', 'zhangcheng', '9500.00');
INSERT INTO `money_savedetail` VALUES ('38', '2014-11-25 10:13:12', '2012211728', '1000.00');
INSERT INTO `money_savedetail` VALUES ('39', '2014-11-25 10:14:52', '2012211728', '100.00');
INSERT INTO `money_savedetail` VALUES ('40', '2014-11-25 10:15:09', '2012211728', '10000.00');
INSERT INTO `money_savedetail` VALUES ('41', '2014-11-25 10:15:31', '2012211728', '1000.00');
INSERT INTO `money_savedetail` VALUES ('42', '2014-11-25 10:18:23', 'zhangcheng', '100.00');
INSERT INTO `money_savedetail` VALUES ('43', '2014-12-09 17:15:36', 'wangxiaoxiao', '100.00');

-- ----------------------------
-- Table structure for `sys_data_auth`
-- ----------------------------
DROP TABLE IF EXISTS `sys_data_auth`;
CREATE TABLE `sys_data_auth` (
  `data_auth_id` bigint(20) NOT NULL AUTO_INCREMENT,
  `dept_type` varchar(45) DEFAULT NULL COMMENT '部门类型',
  `group_id` varchar(45) DEFAULT NULL COMMENT '角色组ID',
  `group_name` varchar(45) DEFAULT NULL COMMENT '角色组名称',
  `user_id` varchar(45) DEFAULT NULL COMMENT '用户ＩＤ（可以为空）',
  `data_type` varchar(45) DEFAULT NULL COMMENT '相应的数据权限',
  PRIMARY KEY (`data_auth_id`)
) ENGINE=InnoDB AUTO_INCREMENT=35 DEFAULT CHARSET=utf8 COMMENT='数据权限表';

-- ----------------------------
-- Records of sys_data_auth
-- ----------------------------
INSERT INTO `sys_data_auth` VALUES ('1', '管理部', '111', '管理部管理员', null, 'allDeptId');
INSERT INTO `sys_data_auth` VALUES ('2', '管理部', '119', '服务督导', 'muzhaoyu', '108;111;125;126;127');
INSERT INTO `sys_data_auth` VALUES ('4', '管理部', '112', '管理部物流', null, 'allDeptId');
INSERT INTO `sys_data_auth` VALUES ('5', '管理部', '113', '资源支撑', null, 'allDeptId');
INSERT INTO `sys_data_auth` VALUES ('6', '管理部', '114', '品牌支撑', null, 'allDeptId');
INSERT INTO `sys_data_auth` VALUES ('7', '管理部', '115', '品牌管理', null, 'allDeptId');
INSERT INTO `sys_data_auth` VALUES ('8', '管理部', '116', '商务支撑', null, 'allDeptId');
INSERT INTO `sys_data_auth` VALUES ('9', '管理部', '117', '服务主管', null, 'allDeptId');
INSERT INTO `sys_data_auth` VALUES ('10', '管理部', '118', '服务管理', null, 'allDeptId');
INSERT INTO `sys_data_auth` VALUES ('11', '网点', '121', '网点经理', null, 'selfDeptId');
INSERT INTO `sys_data_auth` VALUES ('13', '管理部', '1', '所有管理员', null, 'allDeptId');
INSERT INTO `sys_data_auth` VALUES ('14', '管理部', '121', '网点经理', null, 'selfDeptId');
INSERT INTO `sys_data_auth` VALUES ('15', '管理部', '1101', '管理部查询', null, 'allDeptId');
INSERT INTO `sys_data_auth` VALUES ('16', '管理部', '119', '服务督导', 'zengchunyan', '106;128');
INSERT INTO `sys_data_auth` VALUES ('17', '管理部', '119', '服务督导', 'mingliang', '107;117;134;119;137;105');
INSERT INTO `sys_data_auth` VALUES ('19', '网点', '122', '物流管理员', null, 'selfDeptId');
INSERT INTO `sys_data_auth` VALUES ('20', '网点', '125', '前台受理', null, 'selfDeptId');
INSERT INTO `sys_data_auth` VALUES ('21', '网点', '124', '维修工程师', null, 'selfDeptId');
INSERT INTO `sys_data_auth` VALUES ('22', '网点', '123', '库存管理员', null, 'selfDeptId');
INSERT INTO `sys_data_auth` VALUES ('23', '网点', '133', '前台受理', null, 'selfDeptId');
INSERT INTO `sys_data_auth` VALUES ('24', '网点', '132', '物流管理员', null, 'selfDeptId');
INSERT INTO `sys_data_auth` VALUES ('25', '网点', '131', '网点经理', null, 'selfDeptId');
INSERT INTO `sys_data_auth` VALUES ('26', '管理部', '119', '服务督导', 'fanpeng', '110;132;133;135');
INSERT INTO `sys_data_auth` VALUES ('27', '管理部', '119', '服务督导', 'tanwanchuan', '109;120;124;129;130;136');
INSERT INTO `sys_data_auth` VALUES ('28', '管理部', '119', '服务督导', 'lihuamei', '104');
INSERT INTO `sys_data_auth` VALUES ('29', '管理部', '1102', '客户中心', null, 'allDeptId');
INSERT INTO `sys_data_auth` VALUES ('30', '管理部', '1103', '市场经营部', null, 'allDeptId');
INSERT INTO `sys_data_auth` VALUES ('31', '网点', '126', '网点查询', null, 'selfDeptId');
INSERT INTO `sys_data_auth` VALUES ('32', '管理部', '1104', '网点查询所有', null, 'allDeptId');
INSERT INTO `sys_data_auth` VALUES ('33', '管理部', '1105', '业务库存查询', null, 'allDeptId');
INSERT INTO `sys_data_auth` VALUES ('34', '网点', '120', '网点店长查询', null, 'selfDeptId');

-- ----------------------------
-- Table structure for `sys_dept`
-- ----------------------------
DROP TABLE IF EXISTS `sys_dept`;
CREATE TABLE `sys_dept` (
  `dept_id` varchar(20) NOT NULL COMMENT '部门ID',
  `dept_name` varchar(45) NOT NULL COMMENT '部门名称',
  `parent_dept_id` varchar(20) NOT NULL COMMENT '父部门ID',
  `dept_address` varchar(200) DEFAULT NULL COMMENT '部门地址',
  `phone_num` varchar(45) DEFAULT NULL COMMENT '联系电话',
  `email` varchar(45) DEFAULT NULL COMMENT 'Email',
  `dept_state` varchar(45) NOT NULL COMMENT '部门状态（1可用；2禁用）',
  `remark` varchar(45) DEFAULT NULL,
  `company_name` varchar(100) DEFAULT NULL COMMENT '公司名称',
  `transfer_user_name` varchar(45) DEFAULT NULL COMMENT '物流接收人',
  `transfer_user_phone` varchar(45) DEFAULT NULL COMMENT '收件人电话',
  `post_num` varchar(45) DEFAULT NULL COMMENT '邮编',
  `in_date` datetime DEFAULT NULL,
  `sale_centre` varchar(45) DEFAULT NULL COMMENT '销售中心',
  `area` varchar(45) DEFAULT NULL COMMENT '城市',
  `dept_type` varchar(45) DEFAULT NULL COMMENT '网点类型',
  PRIMARY KEY (`dept_id`)
) ENGINE=InnoDB DEFAULT CHARSET=utf8;

-- ----------------------------
-- Records of sys_dept
-- ----------------------------
INSERT INTO `sys_dept` VALUES ('1', '管理平台', '00', '重庆市歇台子百科大厦A座2楼', '', null, '可用', '管理部', '终端公司', '刘友刚', '18875001887', '', null, '管理平台', null, null);
INSERT INTO `sys_dept` VALUES ('101', '接机点', '1', '', '', null, '可用1', '', '接机点', '', '', '', '2013-12-03 20:30:05', '', null, '接机点');
INSERT INTO `sys_dept` VALUES ('10102', '永川接机点（郑伟）', '101', '重庆市永川区泸州街兴茂大厦25号', '', null, '可用', '', '永川区郑伟通讯器材经营部', '郑天伟', '18623593633', '402160', '2014-01-06 15:54:34', '三营销中心', null, '接机点');
INSERT INTO `sys_dept` VALUES ('10103', '江北接机点（商辉）', '101', '', '', null, '可用', '', '商辉', '', '', '', '2014-01-10 12:54:03', '一营销中心', null, '接机点');
INSERT INTO `sys_dept` VALUES ('10104', '梁平接机点（红福）', '101', '', '', null, '可用', '', '梁平县红福通讯器材经营部', '', '', '', '2014-02-11 17:20:16', '四营销中心', null, '接机点');
INSERT INTO `sys_dept` VALUES ('10105', '巴南接机点(合)', '101', '重庆市巴南区渔洞解放街12-18号中国移动华中营业厅', '15213000378', null, '可用', '合营', '重庆华中工贸（集团）有限公司通讯器材分公司', '岳华静', '13668012226', '', null, '一营销中心', null, '接机点');
INSERT INTO `sys_dept` VALUES ('10106', '永川接机点(合)', '101', '永川区人民广场人民西路帝琴花园58号大街移动营业厅', '', null, '可用', '', '重庆市永川区天王数码通信设备有限公司', '邓黎黎', '13896177626', '402160', null, '三营销中心', null, '接机点');
INSERT INTO `sys_dept` VALUES ('10107', '渝北接机点(合)', '101', '渝北区金港国际21号楼1楼25、26号移动营业厅', '', null, '可用', ' ', '重庆伯塔曼科技股份有限公司', '邓绪林', '15723286811', '401120', null, '二营销中心', null, '接机点');
INSERT INTO `sys_dept` VALUES ('10108', '黔江接机点(合)', '101', '重庆市黔江区城西办事处新华西路华弘大厦一楼 移动售后服务中心', '15213000402', null, '可用', '', '重庆销利商贸有限公司', '唐世龙', '15213000402', '', null, '六营销中心', null, '接机点');
INSERT INTO `sys_dept` VALUES ('10109', '万州接机点(合)', '101', '重庆市万州区太白路190号1010-1011', '', null, '可用', '', '万州区高笋塘鑫平通讯器材经营部', '奉鑫', '02385765988', '404000', null, '四营销中心', null, '接机点');
INSERT INTO `sys_dept` VALUES ('10110', '奉节维修中心(合)', '101', '奉节县永安镇人民广场商业步行街A-27-1号', '', null, '可用', '', '奉节县顺达通讯设备有限责任公司', '李海林', '13609430125', '404600', null, '四营销中心', null, '接机点');
INSERT INTO `sys_dept` VALUES ('10111', '较场口接机点(合)', '101', '渝中区民权路58号移动维修部', '', null, '可用', '自营无法维修网点', '', '', '', '', null, '一营销中心', null, '接机点');
INSERT INTO `sys_dept` VALUES ('10112', '江北接机点(合)', '101', '', '15213000374', null, '可用', '', '', '', '', '', null, '二营销中心', null, '接机点');
INSERT INTO `sys_dept` VALUES ('10113', '南坪接机点(合)', '101', '重庆南岸区南坪东路1号营业厅', '15213000373', null, '可用', '', '', '陈道春', '15213000373', '400060', null, '一营销中心', null, '接机点');
INSERT INTO `sys_dept` VALUES ('10114', '合川维修中心1(合)', '101', '合川区苏家街15号（塔尔门神州行专卖店）', '', null, '可用', '', '合川区新国信通讯器材经营部', '陈俊豪', '13983918996', '401520', null, '二营销中心', null, '接机点');
INSERT INTO `sys_dept` VALUES ('10115', '涪陵接机点(唐波网点)', '101', '涪陵区兴华中路43号，移动通讯城二楼', '', null, '可用', '', '重庆蓝动电子设备有限公司', '唐波', '02372259200', '', null, '五营销中心', null, '接机点');
INSERT INTO `sys_dept` VALUES ('10116', '北碚接机点(合)', '101', '北碚区碚峡路283号', '', null, '可用', '', '重庆国联通信器材有限公司', '刘高烈', '13983485251', '400700', null, '二营销中心', null, '接机点');
INSERT INTO `sys_dept` VALUES ('10117', '长寿接机点(合)', '101', '长寿区凤城路向阳街19号负一楼3号', '', null, '可用', '', '重庆速瑞通讯器材有限公司', '毛莲花', '13527390988', '', null, '五营销中心', null, '接机点');
INSERT INTO `sys_dept` VALUES ('10118', '荣昌接机点', '101', '荣昌县广场路111号移动通讯城', '', null, '可用', '', '重庆布瑞克科技有限公司', '金道全', '15922551119', '402461', null, '三营销中心', null, '接机点');
INSERT INTO `sys_dept` VALUES ('10119', '万州接机点(罗秀蓉)', '101', '万州区福斯德广场3栋11-14号移动营业厅终端售后服务中心', '', null, '可用', '', '罗秀蓉(个体)', '罗秀蓉', '18323555552', '404000', null, '四营销中心', null, '接机点');
INSERT INTO `sys_dept` VALUES ('10120', '石柱接机点(合)', '101', '石柱县南宾路108号（水电村对面）移动尚品天佳店', '', null, '可用', '', '石柱土家族自治县朝阳通讯设备有限公司', '马菊平', '13896828556', '', null, '五营销中心', null, '接机点');
INSERT INTO `sys_dept` VALUES ('10121', '开县接机点(合)', '101', '开县汉丰街道开州大道中段新天地营业厅', '', null, '可用', '', '重庆市开县宏宇通讯发展有限公司', '王政', '13635393666', '405400', null, '四营销中心', null, '接机点');
INSERT INTO `sys_dept` VALUES ('10122', '云阳接机点(合)', '101', '重庆市云阳县云江大道1341号1楼', '', null, '可用', '', '重庆市云阳县宇光商贸有限公司', '张鹏', '13896941123', '404500', null, '四营销中心', null, '接机点');
INSERT INTO `sys_dept` VALUES ('10123', '梁平接机点(合)', '101', '梁平县梁山镇名豪商贸中心广场负1层4号', '', null, '可用', '', '梁平惠友通讯有限责任公司', '胡宇松', '15870566198', '405200', null, '四营销中心', null, '接机点');
INSERT INTO `sys_dept` VALUES ('10124', '江津接机点(合)', '101', '重庆市江津区奎星广场移动营业厅', '', null, '可用', '', '重庆市伟能商贸有限责任公司', '李正平', '15213000382', '402260', null, '三营销中心', null, '接机点');
INSERT INTO `sys_dept` VALUES ('10125', '垫江接机点(合)', '101', '垫江人民商场人民路1号', '', null, '可用', '', '垫江晨旭有限公司', '李兵', '13983333258', '', null, '五营销中心', null, '接机点');
INSERT INTO `sys_dept` VALUES ('10126', '丰都接机点(合)', '101', '丰都县三合镇世平路69号附17号', '', null, '可用', '', '丰都新世纪指定专营店', '周余', '15826229888', '', null, '五营销中心', null, '接机点');
INSERT INTO `sys_dept` VALUES ('10127', '沙坪坝接机点', '101', '重庆市沙坪坝区沙南街1号移动营业厅内', '15213000377', null, '可用', '', '重庆博乐瑞商贸有限公司', '刘娟娟', '18323115545', '', '2013-06-27 09:22:16', '三营销中心', null, '接机点');
INSERT INTO `sys_dept` VALUES ('10128', '彭水接机点(合)', '101', '重庆市彭水县金山广场营业厅', '', null, '可用', '', '重庆港普科技有限公司', '何三', '13996950365', '', '2013-07-01 09:22:16', '六营销中心', null, '接机点');
INSERT INTO `sys_dept` VALUES ('10129', '酉阳接机点(合)', '101', '重庆市酉阳县红卫桥头移动终端', '', null, '可用', '', '酉阳县雨鸽通讯器材责任有限公司', '付玉平', '15320912815', '', '2013-07-01 09:22:16', '六营销中心', null, '接机点');
INSERT INTO `sys_dept` VALUES ('10130', '铜梁接机点(合)', '101', '重庆市铜梁县建设路28号金泉移动通信城', '', null, '可用', '', '铜梁县三和通讯合作店', '王刚', '18883723888', '', '2013-07-15 09:22:16', '二营销中心', null, '接机点');
INSERT INTO `sys_dept` VALUES ('10131', '秀山接机点(肖新刚)', '101', '重庆秀山县渝秀大道名都广场C栋', '', null, '可用', '', '重庆佰胜数码科技有限公司', '肖新刚', '15856091115', '409900', '2013-07-23 15:50:20', '六营销中心', null, '接机点');
INSERT INTO `sys_dept` VALUES ('10132', '忠县接机点(合)', '101', '忠县忠州镇中博大道6号附1.2号', '', null, '可用', '', '忠县强音通讯器材有限公司', '林仕坤', '18716751567', '', '2013-08-01 15:50:20', '五营销中心', null, '接机点');
INSERT INTO `sys_dept` VALUES ('10133', '合川接机点(谭飞)', '101', '合川区苏家街15号终端售后服务中心', '15213000388', null, '可用', '', '合川区富民通讯器材门市', '高飞', '13883881322', '401520', '2013-10-07 09:00:44', '二营销中心', null, '接机点');
INSERT INTO `sys_dept` VALUES ('10134', '永川接机点（钰真电子）', '101', '', '', null, '可用', '', '重庆钰真电子有限公司永川分公司', '', '', '', '2014-01-07 15:56:27', '三营销中心', null, '接机点');
INSERT INTO `sys_dept` VALUES ('10135', '綦江接机点(合)', '101', '重庆市綦江县开发区安厦路36-4号', '', null, '可用', '', '綦江顺达通讯器材经营部', '罗应红', '13527533335', '', null, '一营销中心', null, '接机点');
INSERT INTO `sys_dept` VALUES ('10136', '南川接机点(合)', '101', '重庆市南川区政府广场移动通信城2楼', '', null, '可用', '', '南川享科通讯器材经营部', '邓兴斌', '13983698109', '', null, '一营销中心', null, '接机点');
INSERT INTO `sys_dept` VALUES ('10137', '万盛接机点(合)', '101', '', '', null, '可用', '', '洋野科技发展有限公司', '', '', '', null, '一营销中心', null, '接机点');
INSERT INTO `sys_dept` VALUES ('10138', '大足接机点(合)', '101', '重庆市大足县移动分公司一楼营业厅', '15213000384', null, '可用', '', '重庆港普科技有限公司', '唐菊', '15213000384', '402360', null, '三营销中心', null, '接机点');
INSERT INTO `sys_dept` VALUES ('10139', '璧山接机点(合)', '101', '重庆市壁山县壁城街道文风路128号', '15213000381', null, '可用', '', '重庆市永川区天王数码通信设备有限公司', '安霞', '13657683666', '402760', null, '三营销中心', null, '接机点');
INSERT INTO `sys_dept` VALUES ('10140', '荣昌接机点(合)', '101', '重庆市荣昌县昌元镇广场路111号移动营业厅', '13983369947', null, '可用', '', '荣昌县明珠通讯器材经营部', '吴明琼', '13983369947', '402460', null, '三营销中心', null, '接机点');
INSERT INTO `sys_dept` VALUES ('10141', '潼南接机点(合)', '101', '潼南县梓潼镇会龙湾风情街移动营业厅', '', null, '可用', '', '重庆与时通信设备有限公司', '黄益梅', '15215070606', '', null, '二营销中心', null, '接机点');
INSERT INTO `sys_dept` VALUES ('10142', '城口接机点(合)', '101', '重庆市城口县北大街50号移动营业厅', '', null, '可用', '', '重庆市永川区天王数码通信设备有限公司', '吴小莉', '13896259671', '405900', null, '四营销中心', null, '接机点');
INSERT INTO `sys_dept` VALUES ('10143', '武隆接机点(合)', '101', '武隆县巷口镇武仙路世纪五龙城1号楼移动营业厅', '15213000394', null, '可用', '', '重庆港普科技有限公司', '代露', '18723885520', '', null, '五营销中心', null, '接机点');
INSERT INTO `sys_dept` VALUES ('10144', '秀山接机点(合)', '101', '重庆市秀山县中和镇花灯广场紫云大厦移动营业厅', '15723665705', null, '可用', '', '重庆港普科技有限公司', '黄红斌', '13896459870', '', null, '六营销中心', null, '接机点');
INSERT INTO `sys_dept` VALUES ('10145', '巫山接机点(合)', '101', '重庆市巫山县广东路260号', '15826318881', null, '可用', '', '重庆市永川区天王数码通信设备有限公司', '王鹏', '15826318881', '404700', null, '四营销中心', null, '接机点');
INSERT INTO `sys_dept` VALUES ('10146', '巫溪接机点(合)', '101', '重庆市巫溪县赵家坝滨河北岸四季留鑫住宅小区', '18883514163', null, '可用', '', '重庆市永川区天王数码通信设备有限公司', '李丰兵', '13996515123', '405800', null, '四营销中心', null, '接机点');
INSERT INTO `sys_dept` VALUES ('10147', '巫山接机点（恒通工贸）', '101', '', '13452793070', null, '可用', '', '巫山县恒通工贸有限公司', '', '', '', '2013-11-19 15:59:16', '四营销中心', null, '接机点');
INSERT INTO `sys_dept` VALUES ('10148', '城口接机点（友善）', '101', '', '', null, '可用', '', '重庆市友善通讯有限公司', '', '', '', '2013-11-24 12:00:18', '四营销中心', null, '接机点');
INSERT INTO `sys_dept` VALUES ('107', '合川维修中心(合)', '1', '合川区苏家街25号金九广场营业厅', '02342838555', null, '不可用', '', '重庆市鼎高科技有限公司', '高飞', '18723473556', '', null, '二营销中心', null, '维修中心');
INSERT INTO `sys_dept` VALUES ('109', '涪陵维修中心(合)', '1', '重庆市涪陵区新华中路43号（涪陵饭店旁）', '15823650766', null, '不可用', '', '', '杨勇', '15823650766', '', null, '五营销中心', null, '维修中心');
INSERT INTO `sys_dept` VALUES ('112', '省级维修中心', '1', '重庆市九龙坡区渝州路156号歇台子百科大厦A座中国移动手机旗舰店2楼', '15723288864', null, '可用', '原歇台子移动移动厅2楼', '', '郑丝雨', '15723288864', '', null, '一营销中心', null, '维修中心');
INSERT INTO `sys_dept` VALUES ('116', '歇台子维修中心(合)', '1', '', '15723314500', null, '不可用', '', '', null, null, null, null, '一营销中心', null, '维修中心');
INSERT INTO `sys_dept` VALUES ('121', '大学城熙街接机点', '1', '', '15215196158', null, '不可用', '', '重庆渝中区顺联科技发展有限公司', '', '', '', null, '三营销中心', null, '维修中心');
INSERT INTO `sys_dept` VALUES ('139', '省级维修中心（贝特）', '1', '重庆市歇台子百科大厦2楼移动终端售后服务中心', '13983261044', null, '可用', '', '贝特', '孙铭壕', '18680785515', '', '2014-01-09 09:28:55', '一营销中心', null, '维修中心');
INSERT INTO `sys_dept` VALUES ('140', '省级维修中心（华浩）', '1', '重庆市歇台子百科大厦二楼中国移动售后服务中心', '15723288864', null, '可用', '', '华浩', '覃慧敏', '15923598337', '', '2014-01-09 09:29:59', '一营销中心', null, '维修中心');
INSERT INTO `sys_dept` VALUES ('2', '客商', '00', null, null, null, '不可用', null, null, null, null, null, null, null, null, null);

-- ----------------------------
-- Table structure for `sys_dept_bak`
-- ----------------------------
DROP TABLE IF EXISTS `sys_dept_bak`;
CREATE TABLE `sys_dept_bak` (
  `dept_id` varchar(20) NOT NULL COMMENT '部门ID',
  `dept_name` varchar(45) NOT NULL COMMENT '部门名称',
  `parent_dept_id` varchar(20) NOT NULL COMMENT '父部门ID',
  `dept_address` varchar(200) DEFAULT NULL COMMENT '部门地址',
  `phone_num` varchar(45) DEFAULT NULL COMMENT '联系电话',
  `email` varchar(45) DEFAULT NULL COMMENT 'Email',
  `dept_state` varchar(45) NOT NULL COMMENT '部门状态（1可用；2禁用）',
  `remark` varchar(45) DEFAULT NULL,
  `company_name` varchar(100) DEFAULT NULL COMMENT '公司名称',
  `transfer_user_name` varchar(45) DEFAULT NULL COMMENT '物流接收人',
  `transfer_user_phone` varchar(45) DEFAULT NULL COMMENT '收件人电话',
  `post_num` varchar(45) DEFAULT NULL COMMENT '邮编',
  `in_date` datetime DEFAULT NULL
) ENGINE=InnoDB DEFAULT CHARSET=utf8;

-- ----------------------------
-- Records of sys_dept_bak
-- ----------------------------
INSERT INTO `sys_dept_bak` VALUES ('02020200151', '重庆葵钺实业有限公司', '2', '汤雅俐|13883393585|北部新区星光大道62号海王星B座5楼', '13883393585', '', '可用', '', '重庆葵钺实业有限公司', '汤雅俐', '13883393585', '', '2013-08-26 15:50:20');
INSERT INTO `sys_dept_bak` VALUES ('02020200153', '重庆市江津区宏阳商贸有限公司', '2', '周润|15086627689|江津区百货街原鼎州医药公司门市', '15086627689', '', '可用', '', '重庆市江津区宏阳商贸有限公司', '周润', '15086627689', '', '2013-08-26 15:50:20');
INSERT INTO `sys_dept_bak` VALUES ('0202360000004332', '陈明虎(代理)', '2', '陈明虎|13667618923|南岸区丹龙路88号1-16-6', '13667618923', '', '可用', '', '陈明虎(代理)', '陈明虎', '13667618923', '', '2013-08-26 15:50:20');
INSERT INTO `sys_dept_bak` VALUES ('0202360000004334', '王正梅(代理)', '2', '王正梅|15102310086|重庆市南岸区学府大道19号', '15102310086', '', '可用', '', '王正梅(代理)', '王正梅', '15102310086', '', '2013-08-26 15:50:20');
INSERT INTO `sys_dept_bak` VALUES ('0202360000004337', '陈小刚(代理)', '2', '陈小刚|13618378909|重庆市沙坪坝区曾家镇安置区271终点站新运通讯', '13618378909', '', '可用', '', '陈小刚(代理)', '陈小刚', '13618378909', '', '2013-08-26 15:50:20');
INSERT INTO `sys_dept_bak` VALUES ('0202360000004339', '胡腾(代理)', '2', '胡腾|13594280014|重庆市沙坪坝区沙铁村31栋7单元1-3', '13594280014', '', '可用', '', '胡腾(代理)', '胡腾', '13594280014', '', '2013-08-26 15:50:20');
INSERT INTO `sys_dept_bak` VALUES ('0202360000004341', '姜盛利(代理)', '2', '姜盛利|13696419292|重庆市沙坪坝区青木关镇关口村村民委员会', '13696419292', '', '可用', '', '姜盛利(代理)', '姜盛利', '13696419292', '', '2013-08-26 15:50:20');
INSERT INTO `sys_dept_bak` VALUES ('0202360000005775', '（深度分销商）重庆佰胜数码科技有限公司', '2', '罗智|13452278877|秀山名都广场C栋佰胜数码有限公司', '13452278877', '', '可用', '', '（深度分销商）重庆佰胜数码科技有限公司', '罗智', '13452278877', '', '2013-08-26 15:50:20');
INSERT INTO `sys_dept_bak` VALUES ('0202360000005777', '重庆佰胜数码科技有限公司酉阳分公司', '2', '何进波|13896493033|酉阳挑花源中路河滨公园天宇通讯', '13896493033', '', '可用', '', '重庆佰胜数码科技有限公司酉阳分公司', '何进波', '13896493033', '', '2013-08-26 15:50:20');
INSERT INTO `sys_dept_bak` VALUES ('0202360000006356', '（深度分销商）黔江港普', '2', '钟卫|13883239601|黔江区城西办事处新华西路华弘大厦一楼', '13883239601', '', '可用', '', '（深度分销商）黔江港普', '钟卫', '13883239601', '', '2013-08-26 15:50:20');
INSERT INTO `sys_dept_bak` VALUES ('0202360000006357', '黔江学一雅', '2', '王成松|13996961266|重庆市黔江区新华中路中心营业厅', '13996961266', '', '可用', '', '黔江学一雅', '王成松', '13996961266', '', '2013-08-26 15:50:20');
INSERT INTO `sys_dept_bak` VALUES ('0202360000006728', '彭水学一雅', '2', '刘卉竹|13896846499|彭水县河堡移动营业厅', '13896846499', '', '可用', '', '彭水学一雅', '刘卉竹', '13896846499', '', '2013-08-26 15:50:20');
INSERT INTO `sys_dept_bak` VALUES ('0202360005', '重庆市海越科技有限公司', '2', '谢敏|13509472601|江北观音桥朗晴广场B塔23A-5', '13509472601', '', '可用', '', '重庆市海越科技有限公司', '谢敏', '13509472601', '', '2013-08-26 15:50:20');
INSERT INTO `sys_dept_bak` VALUES ('0202360085', '重庆飞联通信器材有限公司', '2', '周友霞|13983191322|重庆市石桥铺石杨路15号西部商城C座16-16', '13983191322', '', '可用', '', '重庆飞联通信器材有限公司', '周友霞', '13983191322', '', '2013-08-26 15:50:20');
INSERT INTO `sys_dept_bak` VALUES ('0202360089', '重庆远二帆商贸有限公司', '2', '孔霞|13883949959|巴南区马王坪正街6号移动营业厅', '13883949959', '', '可用', '', '重庆远二帆商贸有限公司', '孔霞', '13883949959', '', '2013-08-26 15:50:20');
INSERT INTO `sys_dept_bak` VALUES ('0202360113', '重庆市伟能商贸有限责任公司（深度分销）', '2', '陈应勇|13983369595|重庆江津区几江街道奎星广场移动营业厅', '13983369595', '', '可用', '', '重庆市伟能商贸有限责任公司（深度分销）', '陈应勇', '13983369595', '', '2013-08-26 15:50:20');
INSERT INTO `sys_dept_bak` VALUES ('0202360163', '大足捷达', '2', '程海燕|13668052188|重庆市大足县龙岗镇双塔路162号', '13668052188', '', '可用', '', '大足捷达', '程海燕', '13668052188', '', '2013-08-26 15:50:20');
INSERT INTO `sys_dept_bak` VALUES ('0202360390', '合川前方', '2', '何顺利|13527427456|合川苏家街38号（合川手机大世界）', '13527427456', '', '可用', '', '合川前方', '何顺利', '13527427456', '', '2013-08-26 15:50:20');
INSERT INTO `sys_dept_bak` VALUES ('0202361452', '武隆数码', '2', '张小娟|13658439429|武隆县苍口镇芙蓉中路商贸中心11号门面', '13658439429', '', '可用', '', '武隆数码', '张小娟', '13658439429', '', '2013-08-26 15:50:20');
INSERT INTO `sys_dept_bak` VALUES ('0202361524', '重庆毅诚弘通科技有限责任公司', '2', '冉妮娜|15822666695|重庆市高新区石桥铺科园一路5号创新大厦7楼', '15822666695', '', '可用', '', '重庆毅诚弘通科技有限责任公司', '冉妮娜', '15822666695', '', '2013-08-26 15:50:20');
INSERT INTO `sys_dept_bak` VALUES ('0202361602', '丰都县贝尔通贸易有限责任公司', '2', '何雪萍|85606999|重庆市丰都平都大道西段88号', '85606999', '', '可用', '', '丰都县贝尔通贸易有限责任公司', '何雪萍', '85606999', '', '2013-08-26 15:50:20');
INSERT INTO `sys_dept_bak` VALUES ('0202361612', '重庆雄智商贸有限责任公司（深度分销商）', '2', '谭亚先|13594999789|重庆市石柱县自来水厂门面', '13594999789', '', '可用', '', '重庆雄智商贸有限责任公司（深度分销商）', '谭亚先', '13594999789', '', '2013-08-26 15:50:20');
INSERT INTO `sys_dept_bak` VALUES ('0202361614', '巴南丹创科技有限公司（深度分销商）', '2', '吴晓君|13452330888|重庆鱼洞协信广场二楼B2-87丹创科技', '13452330888', '', '可用', '', '巴南丹创科技有限公司（深度分销商）', '吴晓君', '13452330888', '', '2013-08-26 15:50:20');
INSERT INTO `sys_dept_bak` VALUES ('0202361616', '綦江何秀梅通讯器材经营部', '2', '何秀梅|13908338578|綦江区九龙大道邮政储蓄旁手机超市', '13908338578', '', '可用', '', '綦江何秀梅通讯器材经营部', '何秀梅', '13908338578', '', '2013-08-26 15:50:20');
INSERT INTO `sys_dept_bak` VALUES ('0202361617', '綦江区王贵通信器材经营部', '2', '王贵|15808088188|綦江区九龙大道6号门面立交移动特许店（公安大厦车站旁）', '15808088188', '', '可用', '', '綦江区王贵通信器材经营部', '王贵', '15808088188', '', '2013-08-26 15:50:20');
INSERT INTO `sys_dept_bak` VALUES ('0202361618', '重庆市唐美通信服务有限公司', '2', '唐洪美|13983344450|南川三环路移动营业厅一楼手机库', '13983344450', '', '可用', '', '重庆市唐美通信服务有限公司', '唐洪美', '13983344450', '', '2013-08-26 15:50:20');
INSERT INTO `sys_dept_bak` VALUES ('0202361619', '重庆市南川区新兴达通讯器材经营部', '2', '冯新|13908256730|重庆市南川区南大街45-5', '13908256730', '', '可用', '', '重庆市南川区新兴达通讯器材经营部', '冯新', '13908256730', '', '2013-08-26 15:50:20');
INSERT INTO `sys_dept_bak` VALUES ('0202361620', '万吉手机批发（深度分销商）', '2', '王银桥|13908254216|南川区清桥花园万吉手机批发', '13908254216', '', '可用', '', '万吉手机批发（深度分销商）', '王银桥', '13908254216', '', '2013-08-26 15:50:20');
INSERT INTO `sys_dept_bak` VALUES ('0202361623', '秀山金鹏通信器材销售有限公司', '2', '王刚|13896496988|秀山县渝秀大道金凤凰商业城二楼', '13896496988', '', '可用', '', '秀山金鹏通信器材销售有限公司', '王刚', '13896496988', '', '2013-08-26 15:50:20');
INSERT INTO `sys_dept_bak` VALUES ('0202361624', '酉阳雨鸽通讯器材有限责任公司（深度分销商）', '2', '李剑鸣|18896129555|重庆市酉阳县河滨公园对面原企业局底楼雨鸽通讯第六营业厅', '18896129555', '', '可用', '', '酉阳雨鸽通讯器材有限责任公司（深度分销商）', '李剑鸣', '18896129555', '', '2013-08-26 15:50:20');
INSERT INTO `sys_dept_bak` VALUES ('0202361633', '铜梁县三和通讯公司（深度分销商）', '2', '王刚|13883868888|重庆市铜梁县巴川镇建设28号', '13883868888', '', '可用', '', '铜梁县三和通讯公司（深度分销商）', '王刚', '13883868888', '', '2013-08-26 15:50:20');
INSERT INTO `sys_dept_bak` VALUES ('0202361635', '潼南县惠世通通讯器材经营部（深度分销商）', '2', '林小菊|44569898|重庆市潼南县接龙街14号', '44569898', '', '可用', '', '潼南县惠世通通讯器材经营部（深度分销商）', '林小菊', '44569898', '', '2013-08-26 15:50:20');
INSERT INTO `sys_dept_bak` VALUES ('0202361639', '开县金星通讯有限责任公司', '2', '蒋成寅|13896205559|开县新世纪购物广场B2-5', '13896205559', '', '可用', '', '开县金星通讯有限责任公司', '蒋成寅', '13896205559', '', '2013-08-26 15:50:20');
INSERT INTO `sys_dept_bak` VALUES ('0202361640', '开县坤泰通信', '2', '杨晓荣|13896908666|开县开州大道中段110号', '13896908666', '', '可用', '', '开县坤泰通信', '杨晓荣', '13896908666', '', '2013-08-26 15:50:20');
INSERT INTO `sys_dept_bak` VALUES ('0202361643', '天和营业厅', '2', '段婷婷|13594855580|开县天和镇天和场上', '13594855580', '', '可用', '', '天和营业厅', '段婷婷', '13594855580', '', '2013-08-26 15:50:20');
INSERT INTO `sys_dept_bak` VALUES ('0202361645', '开县明新通讯', '2', '张少明|13908263938|开县开州大道中段新天地广场B-3', '13908263938', '', '可用', '', '开县明新通讯', '张少明', '13908263938', '', '2013-08-26 15:50:20');
INSERT INTO `sys_dept_bak` VALUES ('0202361646', '长寿升发通讯', '2', '谢素芬|13637876868|重庆市长寿区凤城寿星广场信合大楼10-3', '13637876868', '', '可用', '', '长寿升发通讯', '谢素芬', '13637876868', '', '2013-08-26 15:50:20');
INSERT INTO `sys_dept_bak` VALUES ('0202361650', '峰迪特许', '2', '向明林|13594271156|长寿区凤城向阳路21-8', '13594271156', '', '可用', '', '峰迪特许', '向明林', '13594271156', '', '2013-08-26 15:50:20');
INSERT INTO `sys_dept_bak` VALUES ('0202361659', '武隆县恒大通讯器材经营部', '2', '裴光辉|13883984898|武隆县芙蓉中路20号', '13883984898', '', '可用', '', '武隆县恒大通讯器材经营部', '裴光辉', '13883984898', '', '2013-08-26 15:50:20');
INSERT INTO `sys_dept_bak` VALUES ('0202361673', '涪陵盛德坊', '2', '王永红|13896604253|重庆市涪陵区中山东路2号合智广场旁', '13896604253', '', '可用', '', '涪陵盛德坊', '王永红', '13896604253', '', '2013-08-26 15:50:20');
INSERT INTO `sys_dept_bak` VALUES ('0202361678', '腾俊特许（深度分销商）', '2', '汪明霞|13996705322|重庆市涪陵区高笋塘9号', '13996705322', '', '可用', '', '腾俊特许（深度分销商）', '汪明霞', '13996705322', '', '2013-08-26 15:50:20');
INSERT INTO `sys_dept_bak` VALUES ('0202361692', '忠县中天通讯', '2', '彭莉|15978944678|忠县忠州镇巴王路37号附12号', '15978944678', '', '可用', '', '忠县中天通讯', '彭莉', '15978944678', '', '2013-08-26 15:50:20');
INSERT INTO `sys_dept_bak` VALUES ('0202361696', '丰都移动城中营业厅', '2', '李红权|13452551234|丰都县三合镇电信大楼门面', '13452551234', '', '可用', '', '丰都移动城中营业厅', '李红权', '13452551234', '', '2013-08-26 15:50:20');
INSERT INTO `sys_dept_bak` VALUES ('0202361697', '丰都盛达通讯器材经营部', '2', '曹红|15025665088|丰都县平都大道西段14号', '15025665088', '', '可用', '', '丰都盛达通讯器材经营部', '曹红', '15025665088', '', '2013-08-26 15:50:20');
INSERT INTO `sys_dept_bak` VALUES ('0202361717', '石柱土家族自治县晨阳商贸有限公司', '2', '冉维建|15223955888|石柱县后河街5号 烟草公司旁', '15223955888', '', '可用', '', '石柱土家族自治县晨阳商贸有限公司', '冉维建', '15223955888', '', '2013-08-26 15:50:20');
INSERT INTO `sys_dept_bak` VALUES ('0202361721', '石柱县朝阳通讯设备有限公司（深度分销商）', '2', '谭朝海|13896828556|石柱县人民街62号移动人民营业厅', '13896828556', '', '可用', '', '石柱县朝阳通讯设备有限公司（深度分销商）', '谭朝海', '13896828556', '', '2013-08-26 15:50:20');
INSERT INTO `sys_dept_bak` VALUES ('0202361724', '石柱环宇', '2', '赵本云|13983591985|石柱五一街工商大厦底楼环宇营业厅', '13983591985', '', '可用', '', '石柱环宇', '赵本云', '13983591985', '', '2013-08-26 15:50:20');
INSERT INTO `sys_dept_bak` VALUES ('0202361727', '璧山宇嘉通讯经营部（深度分销商）', '2', '熊建|13908317911|重庆市璧山县文星路198号上海城营业厅', '13908317911', '', '可用', '', '璧山宇嘉通讯经营部（深度分销商）', '熊建', '13908317911', '', '2013-08-26 15:50:20');
INSERT INTO `sys_dept_bak` VALUES ('0202361733', '城西-红亮神州行专卖店', '2', '王婷|13996480907|永川市探花路404号红江厂区', '13996480907', '', '可用', '', '城西-红亮神州行专卖店', '王婷', '13996480907', '', '2013-08-26 15:50:20');
INSERT INTO `sys_dept_bak` VALUES ('0202361735', '鸿泰神州行专卖店', '2', '叶秀斌|13509471859|永川老姐大巷子239号', '13509471859', '', '可用', '', '鸿泰神州行专卖店', '叶秀斌', '13509471859', '', '2013-08-26 15:50:20');
INSERT INTO `sys_dept_bak` VALUES ('0202361766', '綦江县强音通讯器材经营部(深度分销商)', '2', '陈乃志|13896127688|綦江县古南镇开发区（广播局底楼）', '13896127688', '', '可用', '', '綦江县强音通讯器材经营部(深度分销商)', '陈乃志', '13896127688', '', '2013-08-26 15:50:20');
INSERT INTO `sys_dept_bak` VALUES ('0202361829', '开县宏宇通信（深度分销商）', '2', '王政|13635393666|开县百成街华夏上海城底楼', '13635393666', '', '可用', '', '开县宏宇通信（深度分销商）', '王政', '13635393666', '', '2013-08-26 15:50:20');
INSERT INTO `sys_dept_bak` VALUES ('0202361830', '梁平万峰通信有限公司（深度分销商）', '2', '首召莲|13896313666|梁平县人民西路2号万峰通信城', '13896313666', '', '可用', '', '梁平万峰通信有限公司（深度分销商）', '首召莲', '13896313666', '', '2013-08-26 15:50:20');
INSERT INTO `sys_dept_bak` VALUES ('0202361832', '白帝移动营业厅', '2', '陈立新|13896996000|重庆市奉节县永安镇夔州路304号804', '13896996000', '', '可用', '', '白帝移动营业厅', '陈立新', '13896996000', '', '2013-08-26 15:50:20');
INSERT INTO `sys_dept_bak` VALUES ('0202361852', '酉阳天宇通讯', '2', '刘玉莉|13648238119|酉阳挑花源中路河滨公园天宇通讯', '13648238119', '', '可用', '', '酉阳天宇通讯', '刘玉莉', '13648238119', '', '2013-08-26 15:50:20');
INSERT INTO `sys_dept_bak` VALUES ('0202361854', '酉阳县宇通科技通讯营业厅', '2', '杨静|13908273824|酉阳县钟多镇胎巷218号', '13908273824', '', '可用', '', '酉阳县宇通科技通讯营业厅', '杨静', '13908273824', '', '2013-08-26 15:50:20');
INSERT INTO `sys_dept_bak` VALUES ('0202361920', '五桥新科营业厅', '2', '魏文刚|15123456757|万州区上海大道邮政2号门面', '15123456757', '', '可用', '', '五桥新科营业厅', '魏文刚', '15123456757', '', '2013-08-26 15:50:20');
INSERT INTO `sys_dept_bak` VALUES ('0202361921', '五桥恒信营业厅', '2', '张浩|15215201988|万州区上海大道邮政4号门面', '15215201988', '', '可用', '', '五桥恒信营业厅', '张浩', '15215201988', '', '2013-08-26 15:50:20');
INSERT INTO `sys_dept_bak` VALUES ('0202361927', '五桥南站营业厅', '2', '向红|13896330800|万州区五桥宁波路百安游园16号', '13896330800', '', '可用', '', '五桥南站营业厅', '向红', '13896330800', '', '2013-08-26 15:50:20');
INSERT INTO `sys_dept_bak` VALUES ('0202361968', '奉节顺达通讯（深度分销商）', '2', '蔡锐|13709440763|奉节县夔州路254号', '13709440763', '', '可用', '', '奉节顺达通讯（深度分销商）', '蔡锐', '13709440763', '', '2013-08-26 15:50:20');
INSERT INTO `sys_dept_bak` VALUES ('0202361971', '奉节汾河营业厅', '2', '左宝林|13635307999|奉节县三峡风B栋1单元18-6', '13635307999', '', '可用', '', '奉节汾河营业厅', '左宝林', '13635307999', '', '2013-08-26 15:50:20');
INSERT INTO `sys_dept_bak` VALUES ('0202361975', '奉节宏泰通讯', '2', '杨令|13996562789|重庆市奉节县永安镇夔州路221号', '13996562789', '', '可用', '', '奉节宏泰通讯', '杨令', '13996562789', '', '2013-08-26 15:50:20');
INSERT INTO `sys_dept_bak` VALUES ('0202361982', '万州瑞海（深度分销商）', '2', '吴志美|85787222|重庆市万州区高笋塘44号（万州移动通信城）', '85787222', '', '可用', '', '万州瑞海（深度分销商）', '吴志美', '85787222', '', '2013-08-26 15:50:20');
INSERT INTO `sys_dept_bak` VALUES ('0202361983', '云阳宇光（深度分销商）', '2', '夏玉红|13896205983|重庆市云阳县云江大道1350号', '13896205983', '', '可用', '', '云阳宇光（深度分销商）', '夏玉红', '13896205983', '', '2013-08-26 15:50:20');
INSERT INTO `sys_dept_bak` VALUES ('0202361984', '巫山恒通（深度分销商）', '2', '常朝群|13896228983|巫山广东路270号恒通工贸有限公司', '13896228983', '', '可用', '', '巫山恒通（深度分销商）', '常朝群', '13896228983', '', '2013-08-26 15:50:20');
INSERT INTO `sys_dept_bak` VALUES ('0202361998', '巫溪县人民街诚信营业厅', '2', '林立|13896944678|巫溪县城厢镇人民街2号', '13896944678', '', '可用', '', '巫溪县人民街诚信营业厅', '林立', '13896944678', '', '2013-08-26 15:50:20');
INSERT INTO `sys_dept_bak` VALUES ('0202362032', '全新营业厅（深度分销商）', '2', '欧伟|13508317555|重庆市铜梁县巴川镇龙都路21号', '13508317555', '', '可用', '', '全新营业厅（深度分销商）', '欧伟', '13508317555', '', '2013-08-26 15:50:20');
INSERT INTO `sys_dept_bak` VALUES ('0202362036', '铜梁-巴江巷营业厅(熊利娟)', '2', '熊利娟|13708338383|重庆市铜梁巴江巷17号', '13708338383', '', '可用', '', '铜梁-巴江巷营业厅(熊利娟)', '熊利娟', '13708338383', '', '2013-08-26 15:50:20');
INSERT INTO `sys_dept_bak` VALUES ('0202362106', '城区-川源营业厅', '2', '杨晓凤|13668059966|重庆市潼南县凉风垭向阳大厦8号门市', '13668059966', '', '可用', '', '城区-川源营业厅', '杨晓凤', '13668059966', '', '2013-08-26 15:50:20');
INSERT INTO `sys_dept_bak` VALUES ('0202362114', '城区-西市场诚信营业厅', '2', '谭继秀|15823447343|重庆市潼南县接龙支路7号', '15823447343', '', '可用', '', '城区-西市场诚信营业厅', '谭继秀', '15823447343', '', '2013-08-26 15:50:20');
INSERT INTO `sys_dept_bak` VALUES ('0202362174', '风扬华惠通讯', '2', '向随英|63724276|渝中区大坪通信市场C座401', '63724276', '', '可用', '', '风扬华惠通讯', '向随英', '63724276', '', '2013-08-26 15:50:20');
INSERT INTO `sys_dept_bak` VALUES ('0202362216', '杜桥', '2', '潘选杰|15923266660|南岸区弹子石新街1-4号', '15923266660', '', '可用', '', '杜桥', '潘选杰', '15923266660', '', '2013-08-26 15:50:20');
INSERT INTO `sys_dept_bak` VALUES ('0202362250', '高达特许', '2', '高亚平|13628282777|彭水县十字街高达特许', '13628282777', '', '可用', '', '高达特许', '高亚平', '13628282777', '', '2013-08-26 15:50:20');
INSERT INTO `sys_dept_bak` VALUES ('0202362253', '重庆商辉科技有限公司', '2', '胡涛|13983087588|江北泰兴E世界-信一经典9-7', '13983087588', '', '可用', '', '重庆商辉科技有限公司', '胡涛', '13983087588', '', '2013-08-26 15:50:20');
INSERT INTO `sys_dept_bak` VALUES ('0202362268', '学一雅', '2', '曾小玲|13512370192|北部新区洪湖西路22号上丁企业园7楼15-14', '13512370192', '', '可用', '', '学一雅', '曾小玲', '13512370192', '', '2013-08-26 15:50:20');
INSERT INTO `sys_dept_bak` VALUES ('0202362289', '重庆布瑞克科技有限公司', '2', '黄定云|13996281898|重庆高新园海王星大厦E座3楼', '13996281898', '', '可用', '', '重庆布瑞克科技有限公司', '黄定云', '13996281898', '', '2013-08-26 15:50:20');
INSERT INTO `sys_dept_bak` VALUES ('0202362295', '重庆市友善通讯有限公司(深度分销商)', '2', '黄莉|13883908118|渝北区两路镇双龙大道113号，双龙大道2号', '13883908118', '', '可用', '', '重庆市友善通讯有限公司(深度分销商)', '黄莉', '13883908118', '', '2013-08-26 15:50:20');
INSERT INTO `sys_dept_bak` VALUES ('0202362296', '重庆创世纪三禾科技有限公司', '2', '李飞飞|15723075971|重庆市石桥铺一城精英国际12-16', '15723075971', '', '可用', '', '重庆创世纪三禾科技有限公司', '李飞飞', '15723075971', '', '2013-08-26 15:50:20');
INSERT INTO `sys_dept_bak` VALUES ('0202362297', '重庆港普科技有限公司', '2', '聂荣霞|67655003|江北区建新北路电测村1号重庆庆佳电子有限公司3楼（臻贵科技）', '67655003', '', '可用', '', '重庆港普科技有限公司', '聂荣霞', '67655003', '', '2013-08-26 15:50:20');
INSERT INTO `sys_dept_bak` VALUES ('0202362299', '重庆畅图科技发展有限公司', '2', '吴崇静|13983806355|重庆市石桥铺西部商城B栋20-4', '13650511657', '', '可用', '', '重庆畅图科技发展有限公司', '桂敏', '13650511657', '', '2013-08-26 15:50:20');
INSERT INTO `sys_dept_bak` VALUES ('0202362300', '重庆与时通信设备有限公司', '2', '涂建|15808065026|重庆市高新区石桥铺渝高B座一单元16-1', '15808065026', '', '可用', '', '重庆与时通信设备有限公司', '涂建', '15808065026', '', '2013-08-26 15:50:20');
INSERT INTO `sys_dept_bak` VALUES ('0202362301', '重庆伯塔曼科技有限公司', '2', '刘颖|13508377590|重庆北部新区星光大道60号金星厂房一区三楼英黎科技', '13508377590', '', '可用', '', '重庆伯塔曼科技有限公司', '刘颖', '13508377590', '', '2013-08-26 15:50:20');
INSERT INTO `sys_dept_bak` VALUES ('0202362302', '重庆国联通信器材有限公司', '2', '熊成建|68797199|九龙坡石桥铺渝州路8号泰兴大厦21-7', '68797199', '', '可用', '', '重庆国联通信器材有限公司', '熊成建', '68797199', '', '2013-08-26 15:50:20');
INSERT INTO `sys_dept_bak` VALUES ('0202362303', '渝北分公司胜利路心机体验厅自有卖场', '2', '周南凤|67812222|渝北分公司胜利路心机体验厅自有卖场', '67812222', '', '可用', '', '渝北分公司胜利路心机体验厅自有卖场', '周南凤', '67812222', '', '2013-08-26 15:50:20');
INSERT INTO `sys_dept_bak` VALUES ('0202362308', '渝北-双龙合作营业厅', '2', '周南凤|13696496296|重庆市渝北区南区路口双龙大厦6-14号（林苹通信）', '13696496296', '', '可用', '', '渝北-双龙合作营业厅', '周南凤', '13696496296', '', '2013-08-26 15:50:20');
INSERT INTO `sys_dept_bak` VALUES ('0202362335', '渝北-龙腾合作营业厅', '2', '皱庆|13883688478|渝北区双龙湖街道龙瑞街65#', '13883688478', '', '可用', '', '渝北-龙腾合作营业厅', '皱庆', '13883688478', '', '2013-08-26 15:50:20');
INSERT INTO `sys_dept_bak` VALUES ('0202362466', '江津佳蓉通信城 ', '2', '苏家蓉|13996027777|江津时代广场移动营业厅', '13996027777', '', '可用', '', '江津佳蓉通信城 ', '苏家蓉', '13996027777', '', '2013-08-26 15:50:20');
INSERT INTO `sys_dept_bak` VALUES ('0202362536', '垫江李庚申（深度分销商）', '2', '李庚申|15978967869|垫江县电信局对面根生通讯', '15978967869', '', '可用', '', '垫江李庚申（深度分销商）', '李庚申', '15978967869', '', '2013-08-26 15:50:20');
INSERT INTO `sys_dept_bak` VALUES ('0202362550', '长寿速瑞（深度分销商）', '2', '张荣|13527312223|重庆市长寿区协信广场1-23号', '13527312223', '', '可用', '', '长寿速瑞（深度分销商）', '张荣', '13527312223', '', '2013-08-26 15:50:20');
INSERT INTO `sys_dept_bak` VALUES ('0202362634', '开县金龙通讯', '2', '李刚|15223335456|开县安康街114号', '15223335456', '', '可用', '', '开县金龙通讯', '李刚', '15223335456', '', '2013-08-26 15:50:20');
INSERT INTO `sys_dept_bak` VALUES ('0202362667', '合川鼎高', '2', '秦秀林|13896058567|苏家街25号金九移动营业厅', '13896058567', '', '可用', '', '合川鼎高', '秦秀林', '13896058567', '', '2013-08-26 15:50:20');
INSERT INTO `sys_dept_bak` VALUES ('0202362680', '北碚强音', '2', '杨海毅|13883221023|重庆市北碚区光荣村195号2-2', '13883221023', '', '可用', '', '北碚强音', '杨海毅', '13883221023', '', '2013-08-26 15:50:20');
INSERT INTO `sys_dept_bak` VALUES ('0202362687', '邮政营业厅', '2', '杨海毅|13883221023|重庆市北碚区光荣村195号2-2号', '13883221023', '', '可用', '', '邮政营业厅', '杨海毅', '13883221023', '', '2013-08-26 15:50:20');
INSERT INTO `sys_dept_bak` VALUES ('0202362739', '新世界', '2', '华秋梅|65339958|重庆市沙坪坝三峡广场商厦7楼', '65339958', '', '可用', '', '新世界', '华秋梅', '65339958', '', '2013-08-26 15:50:20');
INSERT INTO `sys_dept_bak` VALUES ('0202362744', '新运（沙坪坝区新怡通讯）', '2', '陈勇兵|13883335836|重庆市沙坪坝区曾家镇安置房春阳路22号中国移动营业厅', '13883335836', '', '可用', '', '新运（沙坪坝区新怡通讯）', '陈勇兵', '13883335836', '', '2013-08-26 15:50:20');
INSERT INTO `sys_dept_bak` VALUES ('0202362745', '堂祥通信', '2', '郭堂祥|13883333182|重庆市沙坪坝区曾家镇曾凤路31号堂祥通讯', '13883333182', '', '可用', '', '堂祥通信', '郭堂祥', '13883333182', '', '2013-08-26 15:50:20');
INSERT INTO `sys_dept_bak` VALUES ('0202362746', '沙区青木关星辰通讯营业部', '2', '宾慧|15123189899|青木关镇新青路166号', '15123189899', '', '可用', '', '沙区青木关星辰通讯营业部', '宾慧', '15123189899', '', '2013-08-26 15:50:20');
INSERT INTO `sys_dept_bak` VALUES ('0202362747', '沙坪坝区天星桥正街新诚神州行专卖店', '2', '骆毅|13983861861|沙坪坝区天星桥正街65号', '13983861861', '', '可用', '', '沙坪坝区天星桥正街新诚神州行专卖店', '骆毅', '13983861861', '', '2013-08-26 15:50:20');
INSERT INTO `sys_dept_bak` VALUES ('0202362748', '远恒', '2', '石关|13512349498|重庆市沙坪坝陈家桥陈青路100号', '13512349498', '', '可用', '', '远恒', '石关', '13512349498', '', '2013-08-26 15:50:20');
INSERT INTO `sys_dept_bak` VALUES ('0202362749', '重庆圣庭科技有限公司', '2', '文廷芳|13500371860|沙坪坝区新桥新村88-12号门面永辉超市旁', '13500371860', '', '可用', '', '重庆圣庭科技有限公司', '文廷芳', '13500371860', '', '2013-08-26 15:50:20');
INSERT INTO `sys_dept_bak` VALUES ('0202362750', '中国移动通讯沙坪坝双碑宏通', '2', '谭小波|13883812188|重庆市沙坪坝区双碑正街中国移动宏通营业厅', '13883812188', '', '可用', '', '中国移动通讯沙坪坝双碑宏通', '谭小波', '13883812188', '', '2013-08-26 15:50:20');
INSERT INTO `sys_dept_bak` VALUES ('0202362751', '波荣通讯器材经营部', '2', '田波|13752867833|重庆市沙坪坝区西永镇开发区349号田波通讯', '13752867833', '', '可用', '', '波荣通讯器材经营部', '田波', '13752867833', '', '2013-08-26 15:50:20');
INSERT INTO `sys_dept_bak` VALUES ('0202362752', '重庆市沙坪坝区惠之峰通讯器材经营部', '2', '申林|13667619238|沙区陈家桥街道津青路145-10#', '13667619238', '', '可用', '', '重庆市沙坪坝区惠之峰通讯器材经营部', '申林', '13667619238', '', '2013-08-26 15:50:20');
INSERT INTO `sys_dept_bak` VALUES ('0202362753', '沙坪坝区讯丰通讯器材经营部', '2', '赵永国|13908388899|沙坪坝区西永镇西永路121号', '13908388899', '', '可用', '', '沙坪坝区讯丰通讯器材经营部', '赵永国', '13908388899', '', '2013-08-26 15:50:20');
INSERT INTO `sys_dept_bak` VALUES ('0202362754', '天勤', '2', '叶怀容|15823267722||重庆市沙坪坝区大学城熙街1#1F-12', '15823267722', '', '可用', '', '天勤', '叶怀容', '15823267722', '', '2013-08-26 15:50:20');
INSERT INTO `sys_dept_bak` VALUES ('0202362755', '大学城信誉', '2', '马红|13883200299|沙坪坝区大学城熙街', '13883200299', '', '可用', '', '大学城信誉', '马红', '13883200299', '', '2013-08-26 15:50:20');
INSERT INTO `sys_dept_bak` VALUES ('0202362756', '重庆市沙坪坝区郑春林通讯器材经营部（成鑫）', '2', '周成武|13594140592|沙坪坝区烈士墓壮志路58号', '13594140592', '', '可用', '', '重庆市沙坪坝区郑春林通讯器材经营部（成鑫）', '周成武', '13594140592', '', '2013-08-26 15:50:20');
INSERT INTO `sys_dept_bak` VALUES ('0202362757', '帝惠帆云沙坪坝歌乐山镇神州行专卖店', '2', '唐述珍|13500366770|重庆市沙坪坝区歌乐山镇山洞村山峰路43号', '13500366770', '', '可用', '', '帝惠帆云沙坪坝歌乐山镇神州行专卖店', '唐述珍', '13500366770', '', '2013-08-26 15:50:20');
INSERT INTO `sys_dept_bak` VALUES ('0202362758', '尚语', '2', '刘光万|15922907339|沙坪坝陈家桥沿河北路二开发区尚语通信', '15922907339', '', '可用', '', '尚语', '刘光万', '15922907339', '', '2013-08-26 15:50:20');
INSERT INTO `sys_dept_bak` VALUES ('0202362759', '惠美通讯', '2', '王均|13452499654|天星桥正街22号-14号', '13452499654', '', '可用', '', '惠美通讯', '王均', '13452499654', '', '2013-08-26 15:50:20');
INSERT INTO `sys_dept_bak` VALUES ('0202362760', '民英通讯', '2', '刘菊英|13883548668|沙坪坝区双碑正街29号', '13883548668', '', '可用', '', '民英通讯', '刘菊英', '13883548668', '', '2013-08-26 15:50:20');
INSERT INTO `sys_dept_bak` VALUES ('0202362761', '易共飞通讯沙正街店', '2', '杨洪|13996207199|重庆市沙坪坝区正街123-5', '13996207199', '', '可用', '', '易共飞通讯沙正街店', '杨洪', '13996207199', '', '2013-08-26 15:50:20');
INSERT INTO `sys_dept_bak` VALUES ('0202362762', '天星桥虹志通讯', '2', '蒋莉|15923552668|沙坪坝区天星桥正街87号虹志通讯', '15923552668', '', '可用', '', '天星桥虹志通讯', '蒋莉', '15923552668', '', '2013-08-26 15:50:20');
INSERT INTO `sys_dept_bak` VALUES ('0202362763', '新盛悦沙坪坝区双碑镇神州行专卖店', '2', '张浩|13808308818|重庆市沙坪坝区双碑正街新百货对面', '13808308818', '', '可用', '', '新盛悦沙坪坝区双碑镇神州行专卖店', '张浩', '13808308818', '', '2013-08-26 15:50:20');
INSERT INTO `sys_dept_bak` VALUES ('0202362766', '正宏', '2', '杨洪均|13594003731|沙坪坝区红糟房农贸市场（梨树湾）正宏通讯', '13594003731', '', '可用', '', '正宏', '杨洪均', '13594003731', '', '2013-08-26 15:50:20');
INSERT INTO `sys_dept_bak` VALUES ('0202362767', '春江', '2', '王汝洪|13983688388|沙区曾家镇正街32号', '13983688388', '', '可用', '', '春江', '王汝洪', '13983688388', '', '2013-08-26 15:50:20');
INSERT INTO `sys_dept_bak` VALUES ('0202362769', '沙坪坝区永兴通讯中梁镇特许店', '2', '袁继平|13368086978|沙坪坝区中梁镇中新街68#', '13368086978', '', '可用', '', '沙坪坝区永兴通讯中梁镇特许店', '袁继平', '13368086978', '', '2013-08-26 15:50:20');
INSERT INTO `sys_dept_bak` VALUES ('0202362771', '重庆登云科技有限公司', '2', '许有江|18323480984|大学城医药高专25#门面', '18323480984', '', '可用', '', '重庆登云科技有限公司', '许有江', '18323480984', '', '2013-08-26 15:50:20');
INSERT INTO `sys_dept_bak` VALUES ('0202362772', '飞扬', '2', '杨平|13637950005|天星桥正街49号3-3', '13637950005', '', '可用', '', '飞扬', '杨平', '13637950005', '', '2013-08-26 15:50:20');
INSERT INTO `sys_dept_bak` VALUES ('0202362773', '喜庆通讯', '2', '蒙喜庆|15998932433|沙坪坝区歌乐山矿山坡77号', '15998932433', '', '可用', '', '喜庆通讯', '蒙喜庆', '15998932433', '', '2013-08-26 15:50:20');
INSERT INTO `sys_dept_bak` VALUES ('0202362774', '众美', '2', '李鹏|13452141383|沙坪坝区陈家桥陈东路4号附27号', '13452141383', '', '可用', '', '众美', '李鹏', '13452141383', '', '2013-08-26 15:50:20');
INSERT INTO `sys_dept_bak` VALUES ('0202362775', '鑫易达通讯', '2', '赵伟|15998998066|重庆市沙坪坝区陈家坪陈青路165号派出所旁鑫易达通讯', '15998998066', '', '可用', '', '鑫易达通讯', '赵伟', '15998998066', '', '2013-08-26 15:50:20');
INSERT INTO `sys_dept_bak` VALUES ('0202362776', '理想数码', '2', '向玉红|13617663808|重庆市沙坪坝区新桥工业园内金沙宾馆对面', '13617663808', '', '可用', '', '理想数码', '向玉红', '13617663808', '', '2013-08-26 15:50:20');
INSERT INTO `sys_dept_bak` VALUES ('0202362777', '三信', '2', '钱阔|13896123457|沙坪坝区张家湾金桥路8号', '13896123457', '', '可用', '', '三信', '钱阔', '13896123457', '', '2013-08-26 15:50:20');
INSERT INTO `sys_dept_bak` VALUES ('0202362778', '如意通讯', '2', '罗成清|15223308395|沙坪坝区沙坪坝北街20-3号', '15223308395', '', '可用', '', '如意通讯', '罗成清', '15223308395', '', '2013-08-26 15:50:20');
INSERT INTO `sys_dept_bak` VALUES ('0202362779', '风云', '2', '唐光云|13635400488|重庆市沙坪坝区天星桥正街43号附3号', '13635400488', '', '可用', '', '风云', '唐光云', '13635400488', '', '2013-08-26 15:50:20');
INSERT INTO `sys_dept_bak` VALUES ('0202362780', '双碑正远通信156号店营业厅', '2', '冯顺勇|15998932479|沙坪坝区歌乐山正街156号（社源餐厅旁边）', '15998932479', '', '可用', '', '双碑正远通信156号店营业厅', '冯顺勇', '15998932479', '', '2013-08-26 15:50:20');
INSERT INTO `sys_dept_bak` VALUES ('0202362781', '志浩通讯', '2', '李志刚|13883375757|重庆市沙坪坝区高滩岩一村7-19', '13883375757', '', '可用', '', '志浩通讯', '李志刚', '13883375757', '', '2013-08-26 15:50:20');
INSERT INTO `sys_dept_bak` VALUES ('0202362782', '南强通讯器材经营部', '2', '游贸强|13436048993|沙坪坝区小龙坎正街104号-4号', '13436048993', '', '可用', '', '南强通讯器材经营部', '游贸强', '13436048993', '', '2013-08-26 15:50:20');
INSERT INTO `sys_dept_bak` VALUES ('0202362783', '沙坪坝区讯锋通讯东路26号店', '2', '王维|15095888666|沙坪坝区青木关青东路268号', '15095888666', '', '可用', '', '沙坪坝区讯锋通讯东路26号店', '王维', '15095888666', '', '2013-08-26 15:50:20');
INSERT INTO `sys_dept_bak` VALUES ('0202362784', '良俊通讯器材经营部', '2', '陈良军|13883651678|沙坪坝区沙正街74-4号', '13883651678', '', '可用', '', '良俊通讯器材经营部', '陈良军', '13883651678', '', '2013-08-26 15:50:20');
INSERT INTO `sys_dept_bak` VALUES ('0202362785', '春城', '2', '冉允东|13452911740|沙坪坝西永一期安置房邮局旁', '13452911740', '', '可用', '', '春城', '冉允东', '13452911740', '', '2013-08-26 15:50:20');
INSERT INTO `sys_dept_bak` VALUES ('0202362786', '宏顺', '2', '余小琴|15123008882|新桥正街203号', '15123008882', '', '可用', '', '宏顺', '余小琴', '15123008882', '', '2013-08-26 15:50:20');
INSERT INTO `sys_dept_bak` VALUES ('0202362787', '沙坪坝区回龙坎镇浚鑫通讯', '2', '曹军|13896078158|重庆市沙坪坝区回龙坎镇龙海路49号', '13896078158', '', '可用', '', '沙坪坝区回龙坎镇浚鑫通讯', '曹军', '13896078158', '', '2013-08-26 15:50:20');
INSERT INTO `sys_dept_bak` VALUES ('0202362788', '恒久通讯西永微电生活服务中心店', '2', '姜海滨|13668039898|沙坪坝区西永微电生活服务区18-1', '13668039898', '', '可用', '', '恒久通讯西永微电生活服务中心店', '姜海滨', '13668039898', '', '2013-08-26 15:50:20');
INSERT INTO `sys_dept_bak` VALUES ('0202362789', '青木通讯器材经营部', '2', '叶春华|13883302018|沙坪坝区青木关新青陆83号', '13883302018', '', '可用', '', '青木通讯器材经营部', '叶春华', '13883302018', '', '2013-08-26 15:50:20');
INSERT INTO `sys_dept_bak` VALUES ('0202362790', '沙坪坝远大通信', '2', '惠小东|13883731112|沙坪坝青木关新青路122-9号', '13883731112', '', '可用', '', '沙坪坝远大通信', '惠小东', '13883731112', '', '2013-08-26 15:50:20');
INSERT INTO `sys_dept_bak` VALUES ('0202362791', '沙坪坝莫法通信器材经营部', '2', '李伟|13650587006|沙坪坝新体村42号附3号莫法通信', '13650587006', '', '可用', '', '沙坪坝莫法通信器材经营部', '李伟', '13650587006', '', '2013-08-26 15:50:20');
INSERT INTO `sys_dept_bak` VALUES ('0202362792', '丁成刚', '2', '丁成刚|13752852886|沙坪坝区回龙砍镇青龙庙', '13752852886', '', '可用', '', '丁成刚', '丁成刚', '13752852886', '', '2013-08-26 15:50:20');
INSERT INTO `sys_dept_bak` VALUES ('0202362793', '驰海通信器材经营部', '2', '冉四海|15111881882|沙坪坝新体村54号', '15111881882', '', '可用', '', '驰海通信器材经营部', '冉四海', '15111881882', '', '2013-08-26 15:50:20');
INSERT INTO `sys_dept_bak` VALUES ('0202362794', '沙坪坝中乾神州行专卖店', '2', '钱春梅|13883151233|沙坪坝区显丰大道10-55', '13883151233', '', '可用', '', '沙坪坝中乾神州行专卖店', '钱春梅', '13883151233', '', '2013-08-26 15:50:20');
INSERT INTO `sys_dept_bak` VALUES ('0202362796', '聚丰', '2', '陈林|15723289055|沙坪坝回龙砍镇隆北街18号', '15723289055', '', '可用', '', '聚丰', '陈林', '15723289055', '', '2013-08-26 15:50:20');
INSERT INTO `sys_dept_bak` VALUES ('0202362797', '启航通信器材经营部', '2', '杜刚|15922902513|沙坪坝区石梯沟4号附9号', '15922902513', '', '可用', '', '启航通信器材经营部', '杜刚', '15922902513', '', '2013-08-26 15:50:20');
INSERT INTO `sys_dept_bak` VALUES ('0202362799', '沙坪坝凯华', '2', '罗银菊|13696488819|沙坪坝区重大A区后门校医院旁移动凯华营业厅', '13696488819', '', '可用', '', '沙坪坝凯华', '罗银菊', '13696488819', '', '2013-08-26 15:50:20');
INSERT INTO `sys_dept_bak` VALUES ('0202362800', '新桥旺合通信', '2', '张建|18883207303|沙区凤天大道财政大楼下', '18883207303', '', '可用', '', '新桥旺合通信', '张建', '18883207303', '', '2013-08-26 15:50:20');
INSERT INTO `sys_dept_bak` VALUES ('0202362802', '沙坪坝区幸子顺通信', '2', '幸平|13527365678|沙坪坝区井口镇井口村邮局旁（中国移动）', '13527365678', '', '可用', '', '沙坪坝区幸子顺通信', '幸平', '13527365678', '', '2013-08-26 15:50:20');
INSERT INTO `sys_dept_bak` VALUES ('0202362803', '小龙坎重客隆', '2', '李文华|13896099565|沙坪坝沙北街98号重客隆超市内', '13896099565', '', '可用', '', '小龙坎重客隆', '李文华', '13896099565', '', '2013-08-26 15:50:20');
INSERT INTO `sys_dept_bak` VALUES ('0202362804', '腾辉', '2', '蒋盈均|15823461259|新桥正街200-1', '15823461259', '', '可用', '', '腾辉', '蒋盈均', '15823461259', '', '2013-08-26 15:50:20');
INSERT INTO `sys_dept_bak` VALUES ('0202362805', '佳百汇', '2', '杨平|13637950005|重庆沙坪坝天星桥转盘腾辉大厦49号', '13637950005', '', '可用', '', '佳百汇', '杨平', '13637950005', '', '2013-08-26 15:50:20');
INSERT INTO `sys_dept_bak` VALUES ('0202362806', '飞燕通信器材经营部', '2', '谢郑竹|13640558003|小龙坎正街290-23号', '13640558003', '', '可用', '', '飞燕通信器材经营部', '谢郑竹', '13640558003', '', '2013-08-26 15:50:20');
INSERT INTO `sys_dept_bak` VALUES ('0202362807', '福讯', '2', '何永红|13452302333|沙坪坝汉渝路54号', '13452302333', '', '可用', '', '福讯', '何永红', '13452302333', '', '2013-08-26 15:50:20');
INSERT INTO `sys_dept_bak` VALUES ('0202362808', '丽丽通讯', '2', '夏丽|15123211648|大学城中路46号', '15123211648', '', '可用', '', '丽丽通讯', '夏丽', '15123211648', '', '2013-08-26 15:50:20');
INSERT INTO `sys_dept_bak` VALUES ('0202362809', '旭友', '2', '陈子友|13983371809|回龙坝镇龙海路70号', '13983371809', '', '可用', '', '旭友', '陈子友', '13983371809', '', '2013-08-26 15:50:20');
INSERT INTO `sys_dept_bak` VALUES ('0202362812', '重庆坤语通信器材经营部', '2', '李坤林|13637969588|沙区凤鸣山康居苑1-12号', '13637969588', '', '可用', '', '重庆坤语通信器材经营部', '李坤林', '13637969588', '', '2013-08-26 15:50:20');
INSERT INTO `sys_dept_bak` VALUES ('0202362816', '重庆亚久科技发展有限公司', '2', '余献英|13983961088|沙坪坝区天马支路23-25号', '13983961088', '', '可用', '', '重庆亚久科技发展有限公司', '余献英', '13983961088', '', '2013-08-26 15:50:20');
INSERT INTO `sys_dept_bak` VALUES ('0202362817', '沙坪坝麒麟凤天路华彩俊豪店', '2', '李其林|13808371370|沙区凤天大道华彩俊豪2号门市', '13808371370', '', '可用', '', '沙坪坝麒麟凤天路华彩俊豪店', '李其林', '13808371370', '', '2013-08-26 15:50:20');
INSERT INTO `sys_dept_bak` VALUES ('0202362819', '星月', '2', '刘萍|13508302936|重庆市沙坪坝区土主中路147号', '13508302936', '', '可用', '', '星月', '刘萍', '13508302936', '', '2013-08-26 15:50:20');
INSERT INTO `sys_dept_bak` VALUES ('0202362826', '城北新国信通信3（深度分销商）', '2', '莫凤琼|18323110705|重庆市合川区靛市街37号', '18323110705', '', '可用', '', '城北新国信通信3（深度分销商）', '莫凤琼', '18323110705', '', '2013-08-26 15:50:20');
INSERT INTO `sys_dept_bak` VALUES ('0202362832', '垫江晨旭（深度分销商）', '2', '李梅|13983598251|垫江移动通信城（人民商场二楼）', '13983598251', '', '可用', '', '垫江晨旭（深度分销商）', '李梅', '13983598251', '', '2013-08-26 15:50:20');
INSERT INTO `sys_dept_bak` VALUES ('0202362852', '重庆普凡商贸有限公司', '2', '周子琳|13752852185|大渡口钢花路726号', '13752852185', '', '可用', '', '重庆普凡商贸有限公司', '周子琳', '13752852185', '', '2013-08-26 15:50:20');
INSERT INTO `sys_dept_bak` VALUES ('0202362854', '重庆爱华电气有限公司', '2', '章引容|15123277277|重庆市大渡口区钢花路422号（新山村移动营业厅）', '15123277277', '', '可用', '', '重庆爱华电气有限公司', '章引容', '15123277277', '', '2013-08-26 15:50:20');
INSERT INTO `sys_dept_bak` VALUES ('0202362905', '璧山星月通信城', '2', '徐强洪|13996470000|璧山县璧城镇时代商都星月通信城', '13996470000', '', '可用', '', '璧山星月通信城', '徐强洪', '13996470000', '', '2013-08-26 15:50:20');
INSERT INTO `sys_dept_bak` VALUES ('0202362908', '重庆轩佳科技有限公司', '2', '曹培全|13320381090|重庆市九龙坡区科园一路210号附D-7-8号', '13320381090', '', '可用', '', '重庆轩佳科技有限公司', '曹培全', '13320381090', '', '2013-08-26 15:50:20');
INSERT INTO `sys_dept_bak` VALUES ('0202362916', '梁平合兴特许经营店', '2', '刘进碧|15826317223|重庆市梁平县梁山镇北正街105号3单元5-2', '15826317223', '', '可用', '', '梁平合兴特许经营店', '刘进碧', '15826317223', '', '2013-08-26 15:50:20');
INSERT INTO `sys_dept_bak` VALUES ('0202362917', '梁平惠友移动通信城（深度分销商）', '2', '周波涛|13896333666|梁平名豪商贸区负一楼移动通信城', '13896333666', '', '可用', '', '梁平惠友移动通信城（深度分销商）', '周波涛', '13896333666', '', '2013-08-26 15:50:20');
INSERT INTO `sys_dept_bak` VALUES ('0202362919', '梁平路缘刘继福', '2', '刘继福|13635366155|重庆市梁平县三峡风路缘通信', '13635366155', '', '可用', '', '梁平路缘刘继福', '刘继福', '13635366155', '', '2013-08-26 15:50:20');
INSERT INTO `sys_dept_bak` VALUES ('0202362931', '巫溪凤凰营业厅', '2', '冉翠英|15123555858|巫溪县凤凰镇龙凤中路95号', '15123555858', '', '可用', '', '巫溪凤凰营业厅', '冉翠英', '15123555858', '', '2013-08-26 15:50:20');
INSERT INTO `sys_dept_bak` VALUES ('0202362948', '奉节城西三台神州行营业厅', '2', '周清|13996612908|奉节县永安镇诗仙西路145号', '13996612908', '', '可用', '', '奉节城西三台神州行营业厅', '周清', '13996612908', '', '2013-08-26 15:50:20');
INSERT INTO `sys_dept_bak` VALUES ('0202362966', '城四创伟', '2', '陈巍|13650590068|重庆市沙坪坝大学城科技学院3号门市', '13650590068', '', '可用', '', '城四创伟', '陈巍', '13650590068', '', '2013-08-26 15:50:20');
INSERT INTO `sys_dept_bak` VALUES ('0202362967', '城四盛蕾', '2', '胡玲|15023054321|重庆市沙坪坝区小龙坎333号17-3', '15023054321', '', '可用', '', '城四盛蕾', '胡玲', '15023054321', '', '2013-08-26 15:50:20');
INSERT INTO `sys_dept_bak` VALUES ('0202362968', '城四中朗通讯', '2', '刘斌|15826022688|歌乐山正街28号', '15826022688', '', '可用', '', '城四中朗通讯', '刘斌', '15826022688', '', '2013-08-26 15:50:20');
INSERT INTO `sys_dept_bak` VALUES ('0202363003', '黔江中心营业厅', '2', '王成松|13996961266|重庆市黔江区新华中路中心营业厅', '13996961266', '', '可用', '', '黔江中心营业厅', '王成松', '13996961266', '', '2013-08-26 15:50:20');
INSERT INTO `sys_dept_bak` VALUES ('0202363040', '大足龙水华业营业厅   ', '2', '王文华|15923139558|大足县龙水镇华业营业厅', '15923139558', '', '可用', '', '大足龙水华业营业厅   ', '王文华', '15923139558', '', '2013-08-26 15:50:20');
INSERT INTO `sys_dept_bak` VALUES ('0202363046', '大足双桥时代', '2', '邹亮|18802342368|大足双桥时代广场移动营业厅', '18802342368', '', '可用', '', '大足双桥时代', '邹亮', '18802342368', '', '2013-08-26 15:50:20');
INSERT INTO `sys_dept_bak` VALUES ('0202363054', '荣昌恒通通信有限责任公司', '2', '刘刚志|13452976699|荣昌县人民路48号', '13452976699', '', '可用', '', '荣昌恒通通信有限责任公司', '刘刚志', '13452976699', '', '2013-08-26 15:50:20');
INSERT INTO `sys_dept_bak` VALUES ('0202363062', '巴南贝特通讯', '2', '罗书琼|13996337111|巴南区鱼洞解放街贝特通讯', '13996337111', '', '可用', '', '巴南贝特通讯', '罗书琼', '13996337111', '', '2013-08-26 15:50:20');
INSERT INTO `sys_dept_bak` VALUES ('0202363063', '巴南宏泰通讯', '2', '陈平|13608394001|巴南区渔洞解放街1号 宏泰通讯', '13608394001', '', '可用', '', '巴南宏泰通讯', '陈平', '13608394001', '', '2013-08-26 15:50:20');
INSERT INTO `sys_dept_bak` VALUES ('0202363164', '城西四海通信城特许经营店', '2', '张才林|13594860909|重庆市云阳县滨江大道2425号（莲花车站正对面）', '13594860909', '', '可用', '', '城西四海通信城特许经营店', '张才林', '13594860909', '', '2013-08-26 15:50:20');
INSERT INTO `sys_dept_bak` VALUES ('0202363186', '璧山青杠营销中心', '2', '王金兰|13883023058|璧山县青杠中大街227号', '13883023058', '', '可用', '', '璧山青杠营销中心', '王金兰', '13883023058', '', '2013-08-26 15:50:20');
INSERT INTO `sys_dept_bak` VALUES ('0202363195', '永川衡欣通信', '2', '唐恒|18323415566|重庆市永川区渝西广场新华楼2-2', '18323415566', '', '可用', '', '永川衡欣通信', '唐恒', '18323415566', '', '2013-08-26 15:50:20');
INSERT INTO `sys_dept_bak` VALUES ('0202363207', '城一港普', '2', '聂荣霞|67655003|江北区建新北路电测村1号重庆庆佳电子有限公司3楼（臻贵科技）', '67655003', '', '可用', '', '城一港普', '聂荣霞', '67655003', '', '2013-08-26 15:50:20');
INSERT INTO `sys_dept_bak` VALUES ('0202363208', '城二港普(深度分销商)', '2', '聂荣霞|67655003|江北区建新北路电测村1号重庆庆佳电子有限公司3楼（臻贵科技）', '67655003', '', '可用', '', '城二港普(深度分销商)', '聂荣霞', '67655003', '', '2013-08-26 15:50:20');
INSERT INTO `sys_dept_bak` VALUES ('0202363209', '城三海越', '2', '谢敏|15723313658|江北观音桥朗晴广场B塔23A-5', '15723313658', '', '可用', '', '城三海越', '谢敏', '15723313658', '', '2013-08-26 15:50:20');
INSERT INTO `sys_dept_bak` VALUES ('0202363210', '彭水港普(深度分销商)', '2', '庹红梅|13452279567|彭水县彭水北大街大转盘金山广场', '13452279567', '', '可用', '', '彭水港普(深度分销商)', '庹红梅', '13452279567', '', '2013-08-26 15:50:20');
INSERT INTO `sys_dept_bak` VALUES ('0202363226', '涪陵毅诚弘通(深度分销商)', '2', '王晓宏|13996615777|重庆市涪陵区兴华中路43号一楼通信城', '13996615777', '', '可用', '', '涪陵毅诚弘通(深度分销商)', '王晓宏', '13996615777', '', '2013-08-26 15:50:20');
INSERT INTO `sys_dept_bak` VALUES ('0202363238', '南川毅诚弘通(深度分销商)', '2', '蒲春梅|13883556611|南川区东城办事处新华路9号一楼新华书店移动营业厅', '13883556611', '', '可用', '', '南川毅诚弘通(深度分销商)', '蒲春梅', '13883556611', '', '2013-08-26 15:50:20');
INSERT INTO `sys_dept_bak` VALUES ('0202363272', '城四恒信', '2', '石钢|13883052936|重庆市沙坪坝区陈家桥陈青路166号', '13883052936', '', '可用', '', '城四恒信', '石钢', '13883052936', '', '2013-08-26 15:50:20');
INSERT INTO `sys_dept_bak` VALUES ('0202363283', '莲花曼哈营业厅', '2', '万应捷|13436034440|重庆市巴南区鱼洞大江莲花竹苑路6号莲花移动营业厅', '13436034440', '', '可用', '', '莲花曼哈营业厅', '万应捷', '13436034440', '', '2013-08-26 15:50:20');
INSERT INTO `sys_dept_bak` VALUES ('0202363301', '城东重百888特许经营店', '2', '陈小平|15123456900|重庆市云阳县云江大道1253号', '15123456900', '', '可用', '', '城东重百888特许经营店', '陈小平', '15123456900', '', '2013-08-26 15:50:20');
INSERT INTO `sys_dept_bak` VALUES ('0202363307', '城东云中特许经营店', '2', '贺江云|18883503789|重庆市云阳县云江大道1099号', '18883503789', '', '可用', '', '城东云中特许经营店', '贺江云', '18883503789', '', '2013-08-26 15:50:20');
INSERT INTO `sys_dept_bak` VALUES ('0202363329', '城西车站合作营业厅', '2', '肖美玉|15084483666|重庆市云阳县滨江大道3058号', '15084483666', '', '可用', '', '城西车站合作营业厅', '肖美玉', '15084483666', '', '2013-08-26 15:50:20');
INSERT INTO `sys_dept_bak` VALUES ('0202363446', '巫山谭开槟厅', '2', '谭开槟|13983518885|重庆市巫山县巫峡镇巫峡路92号', '13983518885', '', '可用', '', '巫山谭开槟厅', '谭开槟', '13983518885', '', '2013-08-26 15:50:20');
INSERT INTO `sys_dept_bak` VALUES ('0202363448', '城四金美', '2', '王永军|15178786686|重庆市沙坪坝区西永镇西科公寓23栋4号门面', '15178786686', '', '可用', '', '城四金美', '王永军', '15178786686', '', '2013-08-26 15:50:20');
INSERT INTO `sys_dept_bak` VALUES ('0202363487', '魏光军', '2', '魏光军|13594819088|重庆市巫山县广东中路336号时空通信', '13594819088', '', '可用', '', '魏光军', '魏光军', '13594819088', '', '2013-08-26 15:50:20');
INSERT INTO `sys_dept_bak` VALUES ('0202363535', '文峰移动通信城（深度分销商）', '2', '苏学军|13452744688|重庆市巫溪县马镇坝移动综合大楼', '13452744688', '', '可用', '', '文峰移动通信城（深度分销商）', '苏学军', '13452744688', '', '2013-08-26 15:50:20');
INSERT INTO `sys_dept_bak` VALUES ('0202363549', '飞渡营业厅', '2', '朱倩|13509433345|重庆市巫溪县城厢镇滨河北路国土小区移动门市', '13509433345', '', '可用', '', '飞渡营业厅', '朱倩', '13509433345', '', '2013-08-26 15:50:20');
INSERT INTO `sys_dept_bak` VALUES ('0202363551', '获丰营业厅', '2', '段辉英|15084329789|重庆市巫溪县水洞街24号', '15084329789', '', '可用', '', '获丰营业厅', '段辉英', '15084329789', '', '2013-08-26 15:50:20');
INSERT INTO `sys_dept_bak` VALUES ('0202363602', '路缘通信', '2', '曾帮慧|13638267773|重庆市梁平县迎宾路108号 移动公司', '13638267773', '', '可用', '', '路缘通信', '曾帮慧', '13638267773', '', '2013-08-26 15:50:20');
INSERT INTO `sys_dept_bak` VALUES ('0202363610', '梁平-红网特许', '2', '余先军|15178939888|重庆市梁平县北行街1号', '15178939888', '', '可用', '', '梁平-红网特许', '余先军', '15178939888', '', '2013-08-26 15:50:20');
INSERT INTO `sys_dept_bak` VALUES ('0202363952', '重庆台万贸易有限公司', '2', '罗锐|13983241590|重庆市渝中区大坪医学院路9号康德27度生活B栋3层', '13983241590', '', '可用', '', '重庆台万贸易有限公司', '罗锐', '13983241590', '', '2013-08-26 15:50:20');
INSERT INTO `sys_dept_bak` VALUES ('0202363988', '垫江宇帝通信', '2', '谭彬|13308255458|重庆市垫江县桂溪镇工农北路5#', '13308255458', '', '可用', '', '垫江宇帝通信', '谭彬', '13308255458', '', '2013-08-26 15:50:20');
INSERT INTO `sys_dept_bak` VALUES ('0202363989', '重庆岱宾贸易有限公司', '2', '高兵|13627678555|重庆渝北区松桥华联大厦17-8', '13627678555', '', '可用', '', '重庆岱宾贸易有限公司', '高兵', '13627678555', '', '2013-08-26 15:50:20');
INSERT INTO `sys_dept_bak` VALUES ('0202364009', '宝丰', '2', '杨小敏|13657607077|重庆市沙坪坝区大学城熙街1F-10', '13657607077', '', '可用', '', '宝丰', '杨小敏', '13657607077', '', '2013-08-26 15:50:20');
INSERT INTO `sys_dept_bak` VALUES ('0202364102', '重庆华中工贸集团有限公司通讯器材分公司', '2', '刘丽|13996079528|巴南区鱼洞解放街12-18号（时代大厦华中营业厅）', '13996079528', '', '可用', '', '重庆华中工贸集团有限公司通讯器材分公司', '刘丽', '13996079528', '', '2013-08-26 15:50:20');
INSERT INTO `sys_dept_bak` VALUES ('0202364113', '甘宁舒英营业厅', '2', '李舒英|13908260306|重庆市万州区甘宁镇凉风场', '13908260306', '', '可用', '', '甘宁舒英营业厅', '李舒英', '13908260306', '', '2013-08-26 15:50:20');
INSERT INTO `sys_dept_bak` VALUES ('0202364128', '易周通讯', '2', '周勇|13594153888|重庆市沙坪坝区沙南街1号南开苑2号2楼', '13594153888', '', '可用', '', '易周通讯', '周勇', '13594153888', '', '2013-08-26 15:50:20');
INSERT INTO `sys_dept_bak` VALUES ('0202364151', '深圳赛波数码科技有限公司重庆沙坪坝分公司', '2', '王飞|18665369866|重庆市沙坪坝区小新街29号华宇广场A座', '18665369866', '', '可用', '', '深圳赛波数码科技有限公司重庆沙坪坝分公司', '王飞', '18665369866', '', '2013-08-26 15:50:20');
INSERT INTO `sys_dept_bak` VALUES ('0202364172', '武隆隆鑫通讯', '2', '刘华|13896552699|重庆市武隆县建设西路15号', '13896552699', '', '可用', '', '武隆隆鑫通讯', '刘华', '13896552699', '', '2013-08-26 15:50:20');
INSERT INTO `sys_dept_bak` VALUES ('0202364174', '柏树街营业厅', '2', '周开阳|18623349000|合川区柏树街1号', '18623349000', '', '可用', '', '柏树街营业厅', '周开阳', '18623349000', '', '2013-08-26 15:50:20');
INSERT INTO `sys_dept_bak` VALUES ('0202364177', '大足港普（深度分销）', '2', '黄康|18223053811|大足区龙岗街道办事处龙岗中路129号A幢2-4号', '18223053811', '', '可用', '', '大足港普（深度分销）', '黄康', '18223053811', '', '2013-08-26 15:50:20');
INSERT INTO `sys_dept_bak` VALUES ('0202364190', '城口县庙坝特许经营店-李维清', '2', '李维中|13983558099|重庆市城口县庙坝镇桥北街20号', '13983558099', '', '可用', '', '城口县庙坝特许经营店-李维清', '李维中', '13983558099', '', '2013-08-26 15:50:20');
INSERT INTO `sys_dept_bak` VALUES ('0202364200', '城口环球通信', '2', '徐波|15223607889|重庆市城口县葛城镇南大街2号', '15223607889', '', '可用', '', '城口环球通信', '徐波', '15223607889', '', '2013-08-26 15:50:20');
INSERT INTO `sys_dept_bak` VALUES ('0202364203', '重庆新精源科技有限公司(深度分销商)', '2', '张庆超|18602345672|重庆市北部新区金开大道68号协信星光天地4栋5-8', '18602345672', '', '可用', '', '重庆新精源科技有限公司(深度分销商)', '张庆超', '18602345672', '', '2013-08-26 15:50:20');
INSERT INTO `sys_dept_bak` VALUES ('0202364207', '城东_迅达通信（深度分销）', '2', '李勇|13996488808|永川区大南门迅达通讯', '13996488808', '', '可用', '', '城东_迅达通信（深度分销）', '李勇', '13996488808', '', '2013-08-26 15:50:20');
INSERT INTO `sys_dept_bak` VALUES ('0202364208', '江津毅诚弘通新华书店（深度分销）', '2', '莫永琳|15023391130|江津区北固门新华书店一楼移动通信城', '15023391130', '', '可用', '', '江津毅诚弘通新华书店（深度分销）', '莫永琳', '15023391130', '', '2013-08-26 15:50:20');
INSERT INTO `sys_dept_bak` VALUES ('0202364211', '荣昌学一雅（深度分销商）', '2', '王地梅|13983008333|荣昌县昌州街道棠香南街66号', '13983008333', '', '可用', '', '荣昌学一雅（深度分销商）', '王地梅', '13983008333', '', '2013-08-26 15:50:20');
INSERT INTO `sys_dept_bak` VALUES ('0202364214', '城三国联（深度分销商）', '2', '邱仁庆|68797199|九龙坡石桥铺渝州路8号泰兴大厦21-7', '68797199', '', '可用', '', '城三国联（深度分销商）', '邱仁庆', '68797199', '', '2013-08-26 15:50:20');
INSERT INTO `sys_dept_bak` VALUES ('0202364219', '綦江洋野科技发展有限公司（深度分销商）', '2', '霍斌|13628246888|綦江区古南镇九龙大道78号移动公司一楼营业厅', '13628246888', '', '可用', '', '綦江洋野科技发展有限公司（深度分销商）', '霍斌', '13628246888', '', '2013-08-26 15:50:20');
INSERT INTO `sys_dept_bak` VALUES ('0202364221', '北碚国联（深度分销商）', '2', '邱仁庆|68797199|九龙坡石桥铺渝州路8号泰兴大厦21-7', '68797199', '', '可用', '', '北碚国联（深度分销商）', '邱仁庆', '68797199', '', '2013-08-26 15:50:20');
INSERT INTO `sys_dept_bak` VALUES ('0202364233', '葛城指定专营店（精诚通信）', '2', '徐波|15223607888|重庆市城口县葛城镇南大街1号', '15223607888', '', '可用', '', '葛城指定专营店（精诚通信）', '徐波', '15223607888', '', '2013-08-26 15:50:20');
INSERT INTO `sys_dept_bak` VALUES ('0202364271', '修齐镇特许经营店（朱雪芹）', '2', '陈伦春|13638272968|重庆市城口县北大街51号', '13638272968', '', '可用', '', '修齐镇特许经营店（朱雪芹）', '陈伦春', '13638272968', '', '2013-08-26 15:50:20');
INSERT INTO `sys_dept_bak` VALUES ('0202364280', '高望神州行专卖店 ', '2', '王健|15084423558|重庆市城口县高观镇龙峡路', '15084423558', '', '可用', '', '高望神州行专卖店 ', '王健', '15084423558', '', '2013-08-26 15:50:20');
INSERT INTO `sys_dept_bak` VALUES ('0202364284', '城区-河堡街营业厅', '2', '刘卉竹|13896846499|彭水县河堡移动营业厅', '13896846499', '', '可用', '', '城区-河堡街营业厅', '刘卉竹', '13896846499', '', '2013-08-26 15:50:20');
INSERT INTO `sys_dept_bak` VALUES ('0202364291', '重庆市迈航科技有限公司', '2', '郑银华|65349160|沙坪坝华宇广场时代星空23楼21号', '65349160', '', '可用', '', '重庆市迈航科技有限公司', '郑银华', '65349160', '', '2013-08-26 15:50:20');
INSERT INTO `sys_dept_bak` VALUES ('0202364299', '坤强通讯国美店', '2', '朱玉芳|13098781807|重庆渝中区新华路415号21-7', '13098781807', '', '可用', '', '坤强通讯国美店', '朱玉芳', '13098781807', '', '2013-08-26 15:50:20');
INSERT INTO `sys_dept_bak` VALUES ('0202364303', '重庆平鸿科技有限公司', '2', '曾大林|13896992625|重庆市忠县忠州镇中博大道6号附1、2号', '13896992625', '', '可用', '', '重庆平鸿科技有限公司', '曾大林', '13896992625', '', '2013-08-26 15:50:20');
INSERT INTO `sys_dept_bak` VALUES ('0202364306', '城四—明辉通讯凤天路店', '2', '高玉明|13668488058|重庆市沙坪坝区凤天大道金阳易诚29号附7号', '13668488058', '', '可用', '', '城四—明辉通讯凤天路店', '高玉明', '13668488058', '', '2013-08-26 15:50:20');
INSERT INTO `sys_dept_bak` VALUES ('02023643400', '江北区新力通讯器材经营部', '2', '谭鹏|18723169120|重庆沙坪坝区锦阳数码通讯城1FA28', '18723169120', '', '可用', '', '江北区新力通讯器材经营部', '谭鹏', '18723169120', '', '2013-08-26 15:50:20');
INSERT INTO `sys_dept_bak` VALUES ('0202364348', '王继禄西欧步行街特许店', '2', '王继禄|13896690188|垫江县西欧花园步行街王继禄特许店', '13896690188', '', '可用', '', '王继禄西欧步行街特许店', '王继禄', '13896690188', '', '2013-08-26 15:50:20');
INSERT INTO `sys_dept_bak` VALUES ('0202364379', ' 武隆港普（深度分销商）', '2', '陆琼|13628256111|重庆市武隆县世纪五龙城移动营业厅', '13628256111', '', '可用', '', '武隆港普（深度分销商）', '陆琼', '13628256111', '', '2013-08-26 15:50:20');
INSERT INTO `sys_dept_bak` VALUES ('1', '管理平台', '00', '重庆市歇台子百科大厦A座2楼', '', null, '可用', '管理部', '终端公司', '刘友刚', '18875001887', '', null);
INSERT INTO `sys_dept_bak` VALUES ('104', '巴南维修中心(合)', '1', '重庆市巴南区渔洞解放街12-18号中国移动华中营业厅', '13594038130', null, '可用', '合营', '重庆华中工贸（集团）有限公司通讯器材分公司', '岳华静', '13668012226', '', null);
INSERT INTO `sys_dept_bak` VALUES ('10401', '綦江接机点(合)', '104', '重庆市綦江县开发区安厦路36-4号', '02385892057', null, '可用', '', '綦江顺达通讯器材经营部', '罗应红', '13527533335', '', null);
INSERT INTO `sys_dept_bak` VALUES ('10402', '南川接机点(合)', '104', '重庆市南川区政府广场移动通信城2楼', '13896615193', null, '可用', '', '南川享科通讯器材经营部', '邓兴斌', '13983698109', '', null);
INSERT INTO `sys_dept_bak` VALUES ('10403', '万盛接机点(合)', '104', null, '13628246888', null, '可用', null, '洋野科技发展有限公司', null, null, null, null);
INSERT INTO `sys_dept_bak` VALUES ('105', '渝北维修中心(合)', '1', '渝北区金港国际21号楼1楼25、26号移动营业厅', '15723286811', null, '可用', ' ', '重庆伯塔曼科技股份有限公司', '邓绪林', '15723286811', '401120', null);
INSERT INTO `sys_dept_bak` VALUES ('106', '永川维修中心(合)', '1', '永川区人民广场人民西路帝琴花园58号大街移动营业厅', '13527361010', null, '可用', '', '重庆市永川区天王数码通信设备有限公司', '邓黎黎', '13896177626', '402160', null);
INSERT INTO `sys_dept_bak` VALUES ('10601', '大足接机点(合)', '106', '重庆市大足县移动分公司一楼营业厅', '15723458282', null, '可用', '', '重庆港普科技有限公司', '唐菊', '15723458282', '402360', null);
INSERT INTO `sys_dept_bak` VALUES ('10602', '璧山接机点(合)', '106', '重庆市壁山县壁城街道文风路128号', '15922666016', null, '可用', '', '重庆市永川区天王数码通信设备有限公司', '安霞', '13657683666', '402760', null);
INSERT INTO `sys_dept_bak` VALUES ('10604', '荣昌接机点(合)', '106', '重庆市荣昌县昌元镇广场路111号移动营业厅', '13983369947', null, '可用', '', '荣昌县明珠通讯器材经营部', '吴明琼', '13983369947', '402460', null);
INSERT INTO `sys_dept_bak` VALUES ('107', '合川维修中心(合)', '1', '合川区苏家街25号金九广场营业厅', '02342838555', null, '可用', '', '重庆市鼎高科技有限公司', '高飞', '18723473556', '', null);
INSERT INTO `sys_dept_bak` VALUES ('10702', '潼南接机点(合)', '117', '潼南县梓潼镇会龙湾风情街移动营业厅', '15215070606', null, '可用', '', '重庆与时通信设备有限公司', '黄益梅', '15215070606', '', null);
INSERT INTO `sys_dept_bak` VALUES ('108', '万州维修中心(合)', '1', '重庆市万州区太白路190号1010-1011', '02385765988', null, '可用', '', '万州区高笋塘鑫平通讯器材经营部', '奉鑫', '02385765988', '404000', null);
INSERT INTO `sys_dept_bak` VALUES ('10804', '城口接机点(合)', '108', '重庆市城口县北大街50号移动营业厅', '13896259671', null, '可用', '', '重庆市永川区天王数码通信设备有限公司', '吴小莉', '13896259671', '405900', null);
INSERT INTO `sys_dept_bak` VALUES ('109', '涪陵维修中心(合)', '1', '重庆市涪陵区新华中路43号（涪陵饭店旁）', '15823650766', null, '可用', '', '', '杨勇', '15823650766', '', null);
INSERT INTO `sys_dept_bak` VALUES ('10905', '武隆接机点(合)', '118', '武隆县巷口镇武仙路世纪五龙城1号楼移动营业厅', '13896788333', null, '可用', '', '重庆港普科技有限公司', '代露', '18723885520', '', null);
INSERT INTO `sys_dept_bak` VALUES ('110', '黔江维修中心(合)', '1', '重庆市黔江区新华大道示范营业厅', '13996968448', null, '可用', '', '重庆销利商贸有限公司', '唐世龙', '13996968448', '', null);
INSERT INTO `sys_dept_bak` VALUES ('11002', '秀山接机点(合)', '110', '重庆市秀山县中和镇花灯广场紫云大厦移动营业厅', '15723665705', null, '可用', '', '重庆港普科技有限公司', '黄红斌', '13896459870', '', null);
INSERT INTO `sys_dept_bak` VALUES ('111', '奉节维修中心(合)', '1', '奉节县永安镇人民广场商业步行街A-27-1号', '', null, '可用', '', '奉节县顺达通讯设备有限责任公司', '李海林', '13609430125', '404600', null);
INSERT INTO `sys_dept_bak` VALUES ('11101', '巫山接机点(合)', '111', '重庆市巫山县广东路260号', '15826318881', null, '可用', '', '重庆市永川区天王数码通信设备有限公司', '王鹏', '15826318881', '404700', null);
INSERT INTO `sys_dept_bak` VALUES ('11102', '巫溪接机点(合)', '111', '重庆市巫溪县赵家坝滨河北岸四季留鑫住宅小区', '18883514163', null, '可用', '', '重庆市永川区天王数码通信设备有限公司', '李丰兵', '13996515123', '405800', null);
INSERT INTO `sys_dept_bak` VALUES ('11103', '巫山接机点（恒通工贸）', '111', '', '13452793070', null, '可用', '', '巫山县恒通工贸有限公司', '', '', '', '2013-11-19 15:59:16');
INSERT INTO `sys_dept_bak` VALUES ('11104', '城口借机点（友善）', '111', '', '', null, '可用', '', '重庆市友善通讯有限公司', '', '', '', '2013-11-24 12:00:18');
INSERT INTO `sys_dept_bak` VALUES ('112', '省级维修中心', '1', '重庆市九龙坡区渝州路156号歇台子百科大厦A座中国移动手机旗舰店2楼', '15723288726', null, '可用', '原歇台子移动移动厅2楼', '', '郑丝雨', '15723288864', '', null);
INSERT INTO `sys_dept_bak` VALUES ('113', '较场口维修中心(合)', '1', '渝中区民权路58号移动维修部', '02363742331', null, '可用', '自营无法维修网点', '', '', '', '', null);
INSERT INTO `sys_dept_bak` VALUES ('114', '江北维修中心(合)', '1', '', '02367857817', null, '可用', '', '', '', '', '', null);
INSERT INTO `sys_dept_bak` VALUES ('115', '南坪维修中心(合)', '1', '重庆南岸区南坪东路1号营业厅', '18375697778', null, '可用', '', '', '陈道春', '18223293960', '400060', null);
INSERT INTO `sys_dept_bak` VALUES ('116', '歇台子维修中心(合)', '1', '', '15723314500', null, '可用', '', '', null, null, null, null);
INSERT INTO `sys_dept_bak` VALUES ('117', '合川维修中心1(合)', '1', '合川区苏家街15号（塔尔门神州行专卖店）', '02342828520', null, '可用', '', '合川区新国信通讯器材经营部', '陈俊豪', '13983918996', '401520', null);
INSERT INTO `sys_dept_bak` VALUES ('118', '涪陵维修中心(唐波网点)', '1', '涪陵区兴华中路43号，移动通讯城二楼', '18323965574', null, '可用', '', '重庆蓝动电子设备有限公司', '唐波', '02372259200', '', null);
INSERT INTO `sys_dept_bak` VALUES ('119', '北碚维修中心(合)', '1', '北碚区碚峡路283号', '13883198130', null, '可用', '', '重庆国联通信器材有限公司', '刘高烈', '13983485251', '400799', null);
INSERT INTO `sys_dept_bak` VALUES ('120', '长寿维修中心(合)', '1', '长寿区凤城路向阳街19号负一楼3号', '18983758607', null, '可用', '', '重庆速瑞通讯器材有限公司', '毛莲花', '13527390988', '', null);
INSERT INTO `sys_dept_bak` VALUES ('121', '大学城熙街接机点', '1', '', '15215196158', null, '可用', '', '重庆渝中区顺联科技发展有限公司', '', '', '', null);
INSERT INTO `sys_dept_bak` VALUES ('122', '荣昌维修中心', '1', '荣昌县广场路111号移动通讯城', '15922551119', null, '可用', '', '重庆布瑞克科技有限公司', '金道全', '15922551119', '402461', null);
INSERT INTO `sys_dept_bak` VALUES ('123', '万州维修中心(罗秀蓉)', '1', '万州区福斯德广场3栋11-14号移动营业厅终端售后服务中心', '18323555552', null, '可用', '', '罗秀蓉(个体)', '罗秀蓉', '18323555552', '404000', null);
INSERT INTO `sys_dept_bak` VALUES ('124', '石柱维修中心(合)', '1', '石柱县南宾路108号（水电村对面）移动尚品天佳店', '13896828556', null, '可用', '', '石柱土家族自治县朝阳通讯设备有限公司', '马菊平', '13896828556', '', null);
INSERT INTO `sys_dept_bak` VALUES ('125', '开县维修中心(合)', '1', '开县汉丰街道开州大道中段新天地营业厅', '13635393666', null, '可用', '', '重庆市开县宏宇通讯发展有限公司', '王政', '13635393666', '405400', null);
INSERT INTO `sys_dept_bak` VALUES ('126', '云阳维修中心(合)', '1', '重庆市云阳县云江大道1341号1楼', '13896941123', null, '可用', '', '重庆市云阳县宇光商贸有限公司', '张鹏', '13896941123', '404500', null);
INSERT INTO `sys_dept_bak` VALUES ('127', '梁平维修中心(合)', '1', '梁平县梁山镇名豪商贸中心广场负1层4号', '02353228158', null, '可用', '', '梁平惠友通讯有限责任公司', '胡宇松', '15870566198', '405200', null);
INSERT INTO `sys_dept_bak` VALUES ('128', '江津维修中心(合)', '1', '重庆市江津区奎星广场移动营业厅', '15086603837', null, '可用', '', '重庆市伟能商贸有限责任公司', '李正平', '15086603837', '402260', null);
INSERT INTO `sys_dept_bak` VALUES ('129', '垫江维修中心(合)', '1', '垫江人民商场人民路1号', '13996717117', null, '可用', '', '垫江晨旭有限公司', '李兵', '13983333258', '', null);
INSERT INTO `sys_dept_bak` VALUES ('130', '丰都维修中心(合)', '1', '丰都县三合镇世平路69号附17号', '15826229888', null, '可用', '', '丰都新世纪指定专营店', '周余', '15826229888', '', null);
INSERT INTO `sys_dept_bak` VALUES ('131', '沙坪坝维修中心', '1', '重庆市沙坪坝区沙南街1号移动营业厅内', '18323115545', null, '可用', '', '重庆博乐瑞商贸有限公司', '刘娟娟', '18323115545', '', '2013-06-27 09:22:16');
INSERT INTO `sys_dept_bak` VALUES ('132', '彭水维修中心(合)', '1', '重庆市彭水县金山广场营业厅', '13594913339', null, '可用', '', '重庆港普科技有限公司', '何三', '13996950365', '', '2013-07-01 09:22:16');
INSERT INTO `sys_dept_bak` VALUES ('133', '酉阳维修中心(合)', '1', '重庆市酉阳县红卫桥头移动终端', '02375530077', null, '可用', '', '酉阳县雨鸽通讯器材责任有限公司', '付玉平', '15320912815', '', '2013-07-01 09:22:16');
INSERT INTO `sys_dept_bak` VALUES ('134', '铜梁维修中心(合)', '1', '重庆市铜梁县建设路28号金泉移动通信城', '15723079060', null, '可用', '', '铜梁县三和通讯合作店', '王刚', '18883723888', '', '2013-07-15 09:22:16');
INSERT INTO `sys_dept_bak` VALUES ('135', '秀山维修网点(肖新刚)', '1', '重庆秀山县渝秀大道名都广场C栋', '02376888111', null, '可用', '', '重庆佰胜数码科技有限公司', '肖新刚', '15856091115', '409900', '2013-07-23 15:50:20');
INSERT INTO `sys_dept_bak` VALUES ('136', '忠县维修中心(合)', '1', '忠县忠州镇中博大道6号附1.2号', '13896992625', null, '可用', '', '忠县强音通讯器材有限公司', '林仕坤', '13896992625', '', '2013-08-01 15:50:20');
INSERT INTO `sys_dept_bak` VALUES ('137', '合川维修中心(谭飞)', '1', '合川区苏家街15号终端售后服务中心', '13637728724', null, '可用', '', '合川区富民通讯器材门市', '高飞', '13883881322', '401520', '2013-10-07 09:00:44');
INSERT INTO `sys_dept_bak` VALUES ('2', '客商', '00', null, null, null, '可用', null, null, null, null, null, null);
INSERT INTO `sys_dept_bak` VALUES ('202364262', '重庆威宽网络科技有限公司', '2', '谈霞|13983608880|北部新区黄山大道中段5号水星B区南翼5-18', '13983608880', '', '可用', '', '重庆威宽网络科技有限公司', '谈霞', '13983608880', '', '2013-08-26 15:50:20');
INSERT INTO `sys_dept_bak` VALUES ('202364265', '重庆微恩科技有限公司', '2', '谈霞|13983608880|重庆市北部新区黄山大道中段5号水星B座南翼5-18', '13983608880', '', '可用', '', '重庆微恩科技有限公司', '谈霞', '13983608880', '', '2013-08-26 15:50:20');
INSERT INTO `sys_dept_bak` VALUES ('202364267', '城区片区昌元街道新世纪特许经营店', '2', '曾良艳|13883880688|荣昌县昌元镇新世纪广场新世纪百货门口', '13883880688', '', '可用', '', '城区片区昌元街道新世纪特许经营店', '曾良艳', '13883880688', '', '2013-08-26 15:50:20');
INSERT INTO `sys_dept_bak` VALUES ('202364270', '重庆彬桥科技发展有限公司', '2', '王志|13609444107|忠县忠州镇巴王路37号', '13609444107', '', '可用', '', '重庆彬桥科技发展有限公司', '王志', '13609444107', '', '2013-08-26 15:50:20');

-- ----------------------------
-- Table structure for `sys_menu`
-- ----------------------------
DROP TABLE IF EXISTS `sys_menu`;
CREATE TABLE `sys_menu` (
  `menuid` varchar(20) CHARACTER SET gb2312 NOT NULL COMMENT '菜单ID',
  `menuname` varchar(45) DEFAULT NULL COMMENT '菜单名称',
  `icon` varchar(45) CHARACTER SET gb2312 DEFAULT NULL COMMENT 'ICON图片',
  `url` varchar(45) CHARACTER SET gb2312 DEFAULT NULL COMMENT '路径（URL）',
  `menulevel` int(11) DEFAULT NULL COMMENT '菜单级别',
  `p_menuid` varchar(20) CHARACTER SET gb2312 DEFAULT NULL COMMENT '上级ID',
  `menu_title` varchar(45) CHARACTER SET gb2312 DEFAULT NULL COMMENT '菜单名称',
  `menu_desc` varchar(45) CHARACTER SET gb2312 DEFAULT NULL COMMENT '菜单描述',
  `menu_order` int(11) DEFAULT NULL COMMENT '同级顺序',
  PRIMARY KEY (`menuid`)
) ENGINE=InnoDB DEFAULT CHARSET=utf8 COMMENT='菜单';

-- ----------------------------
-- Records of sys_menu
-- ----------------------------
INSERT INTO `sys_menu` VALUES ('01', '系统管理', 'sysmanage', '#', '1', '01', '系统管理', '系统管理', '8');
INSERT INTO `sys_menu` VALUES ('0101', '在线用户监控管理', 'userManage', 'onLineUserManagerAction', '2', '01', '在线用户监控管理', '在线用户监控管理', '1');
INSERT INTO `sys_menu` VALUES ('010201', '新增网点', 'add', 'f_add', '3', '0102', '新增网点', '新增网点', '1');
INSERT INTO `sys_menu` VALUES ('010202', '修改网点', 'modify', 'f_modify', '3', '0102', '修改网点', '修改网点', '2');
INSERT INTO `sys_menu` VALUES ('010203', '删除网点', 'delete', 'f_delete', '3', '0102', '删除网点', '删除网点', '3');
INSERT INTO `sys_menu` VALUES ('0103', '用户管理', 'userManage', 'userManageAction', '2', '01', '用户管理', '用户管理', '3');
INSERT INTO `sys_menu` VALUES ('010301', '增加用户', 'add', 'f_add', '3', '0103', '增加用户', '增加用户', '1');
INSERT INTO `sys_menu` VALUES ('010302', '修改用户', 'modify', 'f_modify', '3', '0103', '修改用户', '修改用户', '2');
INSERT INTO `sys_menu` VALUES ('010303', '删除用户', 'delete', 'f_delete', '3', '0103', '删除用户', '删除用户', '3');
INSERT INTO `sys_menu` VALUES ('0104', '用户查询', 'userQuery', 'userQueryAction', '2', '01', '用户查询', '用户查询', '4');
INSERT INTO `sys_menu` VALUES ('0105', '存钱管理', 'moneySave', 'moneySaveAction', '2', '01', '存钱管理', '存钱管理', '5');
INSERT INTO `sys_menu` VALUES ('0106', '取钱管理', 'moneyDeposit', 'moneyDepositAction', '2', '01', '取钱管理', '取钱管理', '6');
INSERT INTO `sys_menu` VALUES ('0107', '存取钱记录图', 'welcomeAction', 'welcomeAction', '2', '01', '存取钱记录图', '存取钱记录图', '7');
INSERT INTO `sys_menu` VALUES ('0108', '转账系统', 'transferAccounts', 'transferAccounts', '2', '01', '转账系统', '转账系统', '8');
INSERT INTO `sys_menu` VALUES ('02', '功能备用', null, null, '1', '01', '功能备用', '功能备用', '9');
INSERT INTO `sys_menu` VALUES ('03', '功能备用', null, null, '1', '01', '功能备用', '功能备用', '9');
INSERT INTO `sys_menu` VALUES ('04', '功能备用', null, null, '1', '01', '功能备用', '功能备用', '9');

-- ----------------------------
-- Table structure for `sys_user`
-- ----------------------------
DROP TABLE IF EXISTS `sys_user`;
CREATE TABLE `sys_user` (
  `user_id` varchar(20) CHARACTER SET gb2312 NOT NULL COMMENT '用户ID',
  `user_name` varchar(45) DEFAULT NULL COMMENT '用户姓名',
  `user_pwd` varchar(45) CHARACTER SET gb2312 DEFAULT NULL COMMENT '用户密码',
  `dept_id` varchar(20) CHARACTER SET gb2312 DEFAULT NULL COMMENT '部门ID',
  `dept_name` varchar(45) CHARACTER SET gb2312 DEFAULT NULL COMMENT '部门名称',
  `group_id` varchar(11) DEFAULT NULL COMMENT '用户所属哪个组ID',
  `group_name` varchar(45) DEFAULT NULL COMMENT '用户所属哪个组名称，在sys_user_group表中查看',
  `user_state` varchar(45) DEFAULT NULL COMMENT '用户可用状态',
  `user_email` varchar(45) CHARACTER SET gb2312 DEFAULT NULL COMMENT 'Email',
  `phone_num` varchar(45) DEFAULT NULL COMMENT '用户联系电话',
  `remark` varchar(45) CHARACTER SET gb2312 DEFAULT NULL COMMENT '备注',
  `in_date` datetime DEFAULT NULL COMMENT '新建时间',
  PRIMARY KEY (`user_id`)
) ENGINE=InnoDB DEFAULT CHARSET=utf8 COMMENT='用户表';

-- ----------------------------
-- Records of sys_user
-- ----------------------------
INSERT INTO `sys_user` VALUES ('2012211728', '程路', 'E10ADC3949BA59ABBE56E057F20F883E', '1', '', '111', '用户', '可用', '', '', '10000', '2014-11-25 00:00:00');
INSERT INTO `sys_user` VALUES ('admin', '超级管理员', 'E10ADC3949BA59ABBE56E057F20F883E', '1', '管理平台', '1', '管理部管理员', '可用', null, null, '800', '2012-09-17 00:00:00');
INSERT INTO `sys_user` VALUES ('fuxiao', '附小', 'E10ADC3949BA59ABBE56E057F20F883E', '1', '', '111', '用户', '可用', '', '', '0', '2014-11-24 00:00:00');
INSERT INTO `sys_user` VALUES ('guozhenfang', '郭振方', '96E79218965EB72C92A549DD5A330112', '1', '', '111', '用户', '可用', '', '18888333333', '866', '2014-11-24 00:00:00');
INSERT INTO `sys_user` VALUES ('wangxiaoxiao', '王潇潇', 'E10ADC3949BA59ABBE56E057F20F883E', '1', '', '111', '用户', '可用', '', '', '11000', '2014-11-24 00:00:00');
INSERT INTO `sys_user` VALUES ('zhangcheng', '张成', '96E79218965EB72C92A549DD5A330112', '1', '', '111', '用户', '可用', '18883282594@163.com', '', '19900', '2014-11-24 00:00:00');

-- ----------------------------
-- Table structure for `sys_user_group`
-- ----------------------------
DROP TABLE IF EXISTS `sys_user_group`;
CREATE TABLE `sys_user_group` (
  `group_id` varchar(11) NOT NULL COMMENT '组ID',
  `group_name` varchar(200) NOT NULL COMMENT '组名称',
  `group_parent_id` varchar(11) NOT NULL COMMENT '父组ID',
  `remark` varchar(45) DEFAULT NULL,
  PRIMARY KEY (`group_id`)
) ENGINE=InnoDB DEFAULT CHARSET=utf8 COMMENT='角色组表';

-- ----------------------------
-- Records of sys_user_group
-- ----------------------------
INSERT INTO `sys_user_group` VALUES ('1', '所有管理员', '1', '角色');
INSERT INTO `sys_user_group` VALUES ('11', '管理部', '1', '结点');
INSERT INTO `sys_user_group` VALUES ('1101', '管理部查询', '11', '角色（使用）');
INSERT INTO `sys_user_group` VALUES ('1102', '客户中心', '11', '角色（使用）');
INSERT INTO `sys_user_group` VALUES ('1103', '市场经营部', '11', '角色（使用）');
INSERT INTO `sys_user_group` VALUES ('1104', '网点查询所有', '11', '角色（使用）');
INSERT INTO `sys_user_group` VALUES ('1105', '业务库存查询', '11', '角色（使用）');
INSERT INTO `sys_user_group` VALUES ('111', '管理部管理员', '11', '角色（使用）');
INSERT INTO `sys_user_group` VALUES ('112', '管理部物流', '11', '角色');
INSERT INTO `sys_user_group` VALUES ('113', '管理部资源支撑', '11', '角色（使用）');
INSERT INTO `sys_user_group` VALUES ('114', '管理部品牌支撑', '11', '角色');
INSERT INTO `sys_user_group` VALUES ('115', '财务管理', '11', '角色（使用）');
INSERT INTO `sys_user_group` VALUES ('116', '商务支撑', '11', '角色（使用,添加基础信息）');
INSERT INTO `sys_user_group` VALUES ('117', '服务主管', '11', '角色');
INSERT INTO `sys_user_group` VALUES ('118', '服务管理', '11', '角色（使用）');
INSERT INTO `sys_user_group` VALUES ('119', '服务督导', '11', '角色（使用）');
INSERT INTO `sys_user_group` VALUES ('12', '维修网点', '1', '结点');
INSERT INTO `sys_user_group` VALUES ('120', '网点店长查询', '12', '角色');
INSERT INTO `sys_user_group` VALUES ('121', '网点经理', '12', '角色');
INSERT INTO `sys_user_group` VALUES ('122', '物流管理员', '12', '角色');
INSERT INTO `sys_user_group` VALUES ('123', '库存管理员', '12', '角色');
INSERT INTO `sys_user_group` VALUES ('124', '维修工程师', '12', '角色（给前台）');
INSERT INTO `sys_user_group` VALUES ('125', '前台受理', '12', '角色');
INSERT INTO `sys_user_group` VALUES ('126', '网点查询', '12', '角色');
INSERT INTO `sys_user_group` VALUES ('127', '丽苑前台', '12', '角色');
INSERT INTO `sys_user_group` VALUES ('13', '接机网点', '1', '结点');
INSERT INTO `sys_user_group` VALUES ('131', '接机点经理', '13', '角色');
INSERT INTO `sys_user_group` VALUES ('132', '物流管理员', '13', '角色');
INSERT INTO `sys_user_group` VALUES ('133', '前台受理', '13', '角色');
INSERT INTO `sys_user_group` VALUES ('134', '维修工程师', '13', '角色');

-- ----------------------------
-- Table structure for `sys_user_group_data_auth`
-- ----------------------------
DROP TABLE IF EXISTS `sys_user_group_data_auth`;
CREATE TABLE `sys_user_group_data_auth` (
  `data_auth_id` varchar(20) CHARACTER SET latin1 NOT NULL COMMENT '部门ID',
  `group_id` varchar(20) DEFAULT NULL COMMENT '数据操作ID（部门ID）',
  PRIMARY KEY (`data_auth_id`)
) ENGINE=InnoDB DEFAULT CHARSET=utf8 COMMENT='数据操作权限表';

-- ----------------------------
-- Records of sys_user_group_data_auth
-- ----------------------------
INSERT INTO `sys_user_group_data_auth` VALUES ('1', '1001');

-- ----------------------------
-- Table structure for `sys_user_group_oper_auth`
-- ----------------------------
DROP TABLE IF EXISTS `sys_user_group_oper_auth`;
CREATE TABLE `sys_user_group_oper_auth` (
  `group_id` varchar(10) DEFAULT NULL COMMENT '组ID',
  `menuid` varchar(20) DEFAULT NULL COMMENT '菜单ID',
  `id` int(11) NOT NULL AUTO_INCREMENT,
  PRIMARY KEY (`id`)
) ENGINE=InnoDB AUTO_INCREMENT=2873 DEFAULT CHARSET=utf8 COMMENT='操作权限';

-- ----------------------------
-- Records of sys_user_group_oper_auth
-- ----------------------------
INSERT INTO `sys_user_group_oper_auth` VALUES ('1', '01', '1');
INSERT INTO `sys_user_group_oper_auth` VALUES ('1', '0101', '2');
INSERT INTO `sys_user_group_oper_auth` VALUES ('1', '02', '3');
INSERT INTO `sys_user_group_oper_auth` VALUES ('1', '0201', '4');
INSERT INTO `sys_user_group_oper_auth` VALUES ('1', '0203', '5');
INSERT INTO `sys_user_group_oper_auth` VALUES ('1', '020101', '6');
INSERT INTO `sys_user_group_oper_auth` VALUES ('1', '020102', '7');
INSERT INTO `sys_user_group_oper_auth` VALUES ('1', '020103', '8');
INSERT INTO `sys_user_group_oper_auth` VALUES ('1', '020104', '9');
INSERT INTO `sys_user_group_oper_auth` VALUES ('1', '0202', '10');
INSERT INTO `sys_user_group_oper_auth` VALUES ('1', '021301', '11');
INSERT INTO `sys_user_group_oper_auth` VALUES ('1', '021303', '13');
INSERT INTO `sys_user_group_oper_auth` VALUES ('1', '021304', '14');
INSERT INTO `sys_user_group_oper_auth` VALUES ('1', '03', '15');
INSERT INTO `sys_user_group_oper_auth` VALUES ('1', '0301', '16');
INSERT INTO `sys_user_group_oper_auth` VALUES ('1', '04', '17');
INSERT INTO `sys_user_group_oper_auth` VALUES ('1', '0401', '18');
INSERT INTO `sys_user_group_oper_auth` VALUES ('1', '0402', '19');
INSERT INTO `sys_user_group_oper_auth` VALUES ('1', '0205', '20');
INSERT INTO `sys_user_group_oper_auth` VALUES ('1', '040101', '24');
INSERT INTO `sys_user_group_oper_auth` VALUES ('1', '05', '25');
INSERT INTO `sys_user_group_oper_auth` VALUES ('1', '0501', '26');
INSERT INTO `sys_user_group_oper_auth` VALUES ('1', '0502', '27');
INSERT INTO `sys_user_group_oper_auth` VALUES ('1', '050101', '28');
INSERT INTO `sys_user_group_oper_auth` VALUES ('1', '0302', '29');
INSERT INTO `sys_user_group_oper_auth` VALUES ('1', '030201', '30');
INSERT INTO `sys_user_group_oper_auth` VALUES ('1', '030101', '31');
INSERT INTO `sys_user_group_oper_auth` VALUES ('1', '0204', '32');
INSERT INTO `sys_user_group_oper_auth` VALUES ('1', '030301', '33');
INSERT INTO `sys_user_group_oper_auth` VALUES ('1', '0303', '34');
INSERT INTO `sys_user_group_oper_auth` VALUES ('1', '0403', '35');
INSERT INTO `sys_user_group_oper_auth` VALUES ('1', '030102', '36');
INSERT INTO `sys_user_group_oper_auth` VALUES ('1', '0405', '38');
INSERT INTO `sys_user_group_oper_auth` VALUES ('1', '030202', '39');
INSERT INTO `sys_user_group_oper_auth` VALUES ('1', '030302', '40');
INSERT INTO `sys_user_group_oper_auth` VALUES ('1', '030303', '41');
INSERT INTO `sys_user_group_oper_auth` VALUES ('1', '030103', '42');
INSERT INTO `sys_user_group_oper_auth` VALUES ('1', '050201', '43');
INSERT INTO `sys_user_group_oper_auth` VALUES ('1', '050302', '44');
INSERT INTO `sys_user_group_oper_auth` VALUES ('1', '030203', '48');
INSERT INTO `sys_user_group_oper_auth` VALUES ('1', '030304', '49');
INSERT INTO `sys_user_group_oper_auth` VALUES ('1', '0102', '53');
INSERT INTO `sys_user_group_oper_auth` VALUES ('1', '010201', '54');
INSERT INTO `sys_user_group_oper_auth` VALUES ('1', '010202', '55');
INSERT INTO `sys_user_group_oper_auth` VALUES ('1', '010203', '56');
INSERT INTO `sys_user_group_oper_auth` VALUES ('1', '030104', '57');
INSERT INTO `sys_user_group_oper_auth` VALUES ('1', '06', '59');
INSERT INTO `sys_user_group_oper_auth` VALUES ('1', '0601', '60');
INSERT INTO `sys_user_group_oper_auth` VALUES ('1', '0602', '61');
INSERT INTO `sys_user_group_oper_auth` VALUES ('1', '0603', '62');
INSERT INTO `sys_user_group_oper_auth` VALUES ('1', '060101', '63');
INSERT INTO `sys_user_group_oper_auth` VALUES ('1', '060102', '64');
INSERT INTO `sys_user_group_oper_auth` VALUES ('1', '060103', '65');
INSERT INTO `sys_user_group_oper_auth` VALUES ('1', '060104', '66');
INSERT INTO `sys_user_group_oper_auth` VALUES ('1', '060105', '67');
INSERT INTO `sys_user_group_oper_auth` VALUES ('1', '030305', '68');
INSERT INTO `sys_user_group_oper_auth` VALUES ('1', '0604', '70');
INSERT INTO `sys_user_group_oper_auth` VALUES ('1', '07', '71');
INSERT INTO `sys_user_group_oper_auth` VALUES ('1', '0701', '72');
INSERT INTO `sys_user_group_oper_auth` VALUES ('1', '0103', '77');
INSERT INTO `sys_user_group_oper_auth` VALUES ('1', '010301', '78');
INSERT INTO `sys_user_group_oper_auth` VALUES ('1', '010302', '79');
INSERT INTO `sys_user_group_oper_auth` VALUES ('1', '010303', '80');
INSERT INTO `sys_user_group_oper_auth` VALUES ('1', '08', '81');
INSERT INTO `sys_user_group_oper_auth` VALUES ('1', '0801', '82');
INSERT INTO `sys_user_group_oper_auth` VALUES ('1', '0802', '83');
INSERT INTO `sys_user_group_oper_auth` VALUES ('1', '080301', '84');
INSERT INTO `sys_user_group_oper_auth` VALUES ('1', '080302', '85');
INSERT INTO `sys_user_group_oper_auth` VALUES ('1', '080303', '86');
INSERT INTO `sys_user_group_oper_auth` VALUES ('1', '030306', '88');
INSERT INTO `sys_user_group_oper_auth` VALUES ('1', '0803', '89');
INSERT INTO `sys_user_group_oper_auth` VALUES ('1', '060401', '91');
INSERT INTO `sys_user_group_oper_auth` VALUES ('1', '060402', '92');
INSERT INTO `sys_user_group_oper_auth` VALUES ('1', '060403', '93');
INSERT INTO `sys_user_group_oper_auth` VALUES ('1', '070101', '94');
INSERT INTO `sys_user_group_oper_auth` VALUES ('1', '070102', '95');
INSERT INTO `sys_user_group_oper_auth` VALUES ('1', '070103', '96');
INSERT INTO `sys_user_group_oper_auth` VALUES ('1', '070104', '97');
INSERT INTO `sys_user_group_oper_auth` VALUES ('1', '0605', '98');
INSERT INTO `sys_user_group_oper_auth` VALUES ('1', '060501', '99');
INSERT INTO `sys_user_group_oper_auth` VALUES ('1', '0606', '100');
INSERT INTO `sys_user_group_oper_auth` VALUES ('1', '060601', '101');
INSERT INTO `sys_user_group_oper_auth` VALUES ('1', '060603', '102');
INSERT INTO `sys_user_group_oper_auth` VALUES ('1', '0406', '103');
INSERT INTO `sys_user_group_oper_auth` VALUES ('1', '060602', '104');
INSERT INTO `sys_user_group_oper_auth` VALUES ('1', '0804', '105');
INSERT INTO `sys_user_group_oper_auth` VALUES ('1', '0104', '106');
INSERT INTO `sys_user_group_oper_auth` VALUES ('1', '060201', '108');
INSERT INTO `sys_user_group_oper_auth` VALUES ('1', '060202', '109');
INSERT INTO `sys_user_group_oper_auth` VALUES ('1', '060203', '110');
INSERT INTO `sys_user_group_oper_auth` VALUES ('1', '060204', '111');
INSERT INTO `sys_user_group_oper_auth` VALUES ('1', '060205', '112');
INSERT INTO `sys_user_group_oper_auth` VALUES ('1', '060503', '113');
INSERT INTO `sys_user_group_oper_auth` VALUES ('1', '060301', '114');
INSERT INTO `sys_user_group_oper_auth` VALUES ('1', '060302', '115');
INSERT INTO `sys_user_group_oper_auth` VALUES ('1', '060303', '116');
INSERT INTO `sys_user_group_oper_auth` VALUES ('1', '060304', '117');
INSERT INTO `sys_user_group_oper_auth` VALUES ('1', '060305', '118');
INSERT INTO `sys_user_group_oper_auth` VALUES ('1', '060502', '119');
INSERT INTO `sys_user_group_oper_auth` VALUES ('1', '0607', '120');
INSERT INTO `sys_user_group_oper_auth` VALUES ('1', '03010101', '126');
INSERT INTO `sys_user_group_oper_auth` VALUES ('1', '040102', '130');
INSERT INTO `sys_user_group_oper_auth` VALUES ('1', '040301', '131');
INSERT INTO `sys_user_group_oper_auth` VALUES ('1', '040302', '132');
INSERT INTO `sys_user_group_oper_auth` VALUES ('1', '040501', '135');
INSERT INTO `sys_user_group_oper_auth` VALUES ('1', '040601', '136');
INSERT INTO `sys_user_group_oper_auth` VALUES ('1', '040602', '137');
INSERT INTO `sys_user_group_oper_auth` VALUES ('122', '05', '425');
INSERT INTO `sys_user_group_oper_auth` VALUES ('122', '0501', '426');
INSERT INTO `sys_user_group_oper_auth` VALUES ('122', '050101', '427');
INSERT INTO `sys_user_group_oper_auth` VALUES ('122', '0502', '428');
INSERT INTO `sys_user_group_oper_auth` VALUES ('122', '050201', '429');
INSERT INTO `sys_user_group_oper_auth` VALUES ('1', '0702', '500');
INSERT INTO `sys_user_group_oper_auth` VALUES ('1', '0608', '506');
INSERT INTO `sys_user_group_oper_auth` VALUES ('1', '060801', '507');
INSERT INTO `sys_user_group_oper_auth` VALUES ('1', '060802', '508');
INSERT INTO `sys_user_group_oper_auth` VALUES ('1', '060803', '509');
INSERT INTO `sys_user_group_oper_auth` VALUES ('1', '070105', '510');
INSERT INTO `sys_user_group_oper_auth` VALUES ('1', '080304', '511');
INSERT INTO `sys_user_group_oper_auth` VALUES ('1', '050301', '521');
INSERT INTO `sys_user_group_oper_auth` VALUES ('1', '0504', '522');
INSERT INTO `sys_user_group_oper_auth` VALUES ('1', '050401', '523');
INSERT INTO `sys_user_group_oper_auth` VALUES ('1', '050102', '525');
INSERT INTO `sys_user_group_oper_auth` VALUES ('1', '040303', '526');
INSERT INTO `sys_user_group_oper_auth` VALUES ('1', '040103', '567');
INSERT INTO `sys_user_group_oper_auth` VALUES ('1', '021302', '571');
INSERT INTO `sys_user_group_oper_auth` VALUES ('1', '0209', '580');
INSERT INTO `sys_user_group_oper_auth` VALUES ('1', '060504', '581');
INSERT INTO `sys_user_group_oper_auth` VALUES ('1', '060404', '582');
INSERT INTO `sys_user_group_oper_auth` VALUES ('1', '060106', '583');
INSERT INTO `sys_user_group_oper_auth` VALUES ('1', '060206', '584');
INSERT INTO `sys_user_group_oper_auth` VALUES ('122', '0504', '587');
INSERT INTO `sys_user_group_oper_auth` VALUES ('122', '050401', '588');
INSERT INTO `sys_user_group_oper_auth` VALUES ('131', '0103', '589');
INSERT INTO `sys_user_group_oper_auth` VALUES ('131', '010301', '590');
INSERT INTO `sys_user_group_oper_auth` VALUES ('131', '010302', '591');
INSERT INTO `sys_user_group_oper_auth` VALUES ('131', '03', '593');
INSERT INTO `sys_user_group_oper_auth` VALUES ('131', '0301', '594');
INSERT INTO `sys_user_group_oper_auth` VALUES ('131', '030101', '595');
INSERT INTO `sys_user_group_oper_auth` VALUES ('131', '03010101', '596');
INSERT INTO `sys_user_group_oper_auth` VALUES ('131', '030102', '597');
INSERT INTO `sys_user_group_oper_auth` VALUES ('131', '030103', '598');
INSERT INTO `sys_user_group_oper_auth` VALUES ('131', '030104', '599');
INSERT INTO `sys_user_group_oper_auth` VALUES ('131', '0302', '600');
INSERT INTO `sys_user_group_oper_auth` VALUES ('131', '030202', '601');
INSERT INTO `sys_user_group_oper_auth` VALUES ('131', '030203', '602');
INSERT INTO `sys_user_group_oper_auth` VALUES ('131', '0303', '603');
INSERT INTO `sys_user_group_oper_auth` VALUES ('131', '030301', '604');
INSERT INTO `sys_user_group_oper_auth` VALUES ('131', '030302', '605');
INSERT INTO `sys_user_group_oper_auth` VALUES ('131', '030303', '606');
INSERT INTO `sys_user_group_oper_auth` VALUES ('131', '030304', '607');
INSERT INTO `sys_user_group_oper_auth` VALUES ('131', '030305', '608');
INSERT INTO `sys_user_group_oper_auth` VALUES ('131', '030306', '609');
INSERT INTO `sys_user_group_oper_auth` VALUES ('131', '0401', '610');
INSERT INTO `sys_user_group_oper_auth` VALUES ('131', '040101', '611');
INSERT INTO `sys_user_group_oper_auth` VALUES ('131', '040102', '612');
INSERT INTO `sys_user_group_oper_auth` VALUES ('131', '040103', '613');
INSERT INTO `sys_user_group_oper_auth` VALUES ('131', '0403', '614');
INSERT INTO `sys_user_group_oper_auth` VALUES ('131', '040301', '615');
INSERT INTO `sys_user_group_oper_auth` VALUES ('131', '040302', '616');
INSERT INTO `sys_user_group_oper_auth` VALUES ('131', '040303', '617');
INSERT INTO `sys_user_group_oper_auth` VALUES ('131', '0405', '618');
INSERT INTO `sys_user_group_oper_auth` VALUES ('131', '040501', '619');
INSERT INTO `sys_user_group_oper_auth` VALUES ('131', '0406', '620');
INSERT INTO `sys_user_group_oper_auth` VALUES ('131', '040601', '621');
INSERT INTO `sys_user_group_oper_auth` VALUES ('131', '040602', '622');
INSERT INTO `sys_user_group_oper_auth` VALUES ('131', '01', '623');
INSERT INTO `sys_user_group_oper_auth` VALUES ('131', '04', '624');
INSERT INTO `sys_user_group_oper_auth` VALUES ('133', '03', '629');
INSERT INTO `sys_user_group_oper_auth` VALUES ('133', '0301', '630');
INSERT INTO `sys_user_group_oper_auth` VALUES ('133', '030101', '631');
INSERT INTO `sys_user_group_oper_auth` VALUES ('133', '03010101', '632');
INSERT INTO `sys_user_group_oper_auth` VALUES ('133', '030103', '633');
INSERT INTO `sys_user_group_oper_auth` VALUES ('133', '030104', '634');
INSERT INTO `sys_user_group_oper_auth` VALUES ('133', '0302', '635');
INSERT INTO `sys_user_group_oper_auth` VALUES ('133', '030203', '636');
INSERT INTO `sys_user_group_oper_auth` VALUES ('133', '0303', '637');
INSERT INTO `sys_user_group_oper_auth` VALUES ('133', '030301', '638');
INSERT INTO `sys_user_group_oper_auth` VALUES ('133', '030303', '639');
INSERT INTO `sys_user_group_oper_auth` VALUES ('133', '030306', '641');
INSERT INTO `sys_user_group_oper_auth` VALUES ('133', '0401', '642');
INSERT INTO `sys_user_group_oper_auth` VALUES ('133', '040101', '643');
INSERT INTO `sys_user_group_oper_auth` VALUES ('133', '040102', '644');
INSERT INTO `sys_user_group_oper_auth` VALUES ('133', '0403', '645');
INSERT INTO `sys_user_group_oper_auth` VALUES ('133', '040301', '646');
INSERT INTO `sys_user_group_oper_auth` VALUES ('133', '040302', '647');
INSERT INTO `sys_user_group_oper_auth` VALUES ('133', '0405', '648');
INSERT INTO `sys_user_group_oper_auth` VALUES ('133', '040501', '649');
INSERT INTO `sys_user_group_oper_auth` VALUES ('133', '0406', '650');
INSERT INTO `sys_user_group_oper_auth` VALUES ('133', '040601', '651');
INSERT INTO `sys_user_group_oper_auth` VALUES ('133', '040602', '652');
INSERT INTO `sys_user_group_oper_auth` VALUES ('133', '04', '653');
INSERT INTO `sys_user_group_oper_auth` VALUES ('132', '05', '654');
INSERT INTO `sys_user_group_oper_auth` VALUES ('132', '0501', '655');
INSERT INTO `sys_user_group_oper_auth` VALUES ('132', '050101', '656');
INSERT INTO `sys_user_group_oper_auth` VALUES ('132', '0502', '657');
INSERT INTO `sys_user_group_oper_auth` VALUES ('132', '050201', '658');
INSERT INTO `sys_user_group_oper_auth` VALUES ('122', '050102', '661');
INSERT INTO `sys_user_group_oper_auth` VALUES ('131', '05', '668');
INSERT INTO `sys_user_group_oper_auth` VALUES ('131', '0501', '669');
INSERT INTO `sys_user_group_oper_auth` VALUES ('131', '050101', '670');
INSERT INTO `sys_user_group_oper_auth` VALUES ('131', '0502', '671');
INSERT INTO `sys_user_group_oper_auth` VALUES ('131', '050201', '672');
INSERT INTO `sys_user_group_oper_auth` VALUES ('1', '0210', '684');
INSERT INTO `sys_user_group_oper_auth` VALUES ('1', '021001', '685');
INSERT INTO `sys_user_group_oper_auth` VALUES ('1', '021002', '686');
INSERT INTO `sys_user_group_oper_auth` VALUES ('125', '03', '687');
INSERT INTO `sys_user_group_oper_auth` VALUES ('125', '0301', '688');
INSERT INTO `sys_user_group_oper_auth` VALUES ('125', '030101', '689');
INSERT INTO `sys_user_group_oper_auth` VALUES ('125', '03010101', '690');
INSERT INTO `sys_user_group_oper_auth` VALUES ('125', '030103', '691');
INSERT INTO `sys_user_group_oper_auth` VALUES ('125', '030104', '692');
INSERT INTO `sys_user_group_oper_auth` VALUES ('125', '0302', '693');
INSERT INTO `sys_user_group_oper_auth` VALUES ('125', '030203', '694');
INSERT INTO `sys_user_group_oper_auth` VALUES ('125', '0303', '695');
INSERT INTO `sys_user_group_oper_auth` VALUES ('125', '030301', '696');
INSERT INTO `sys_user_group_oper_auth` VALUES ('125', '030303', '697');
INSERT INTO `sys_user_group_oper_auth` VALUES ('125', '030306', '698');
INSERT INTO `sys_user_group_oper_auth` VALUES ('125', '04', '699');
INSERT INTO `sys_user_group_oper_auth` VALUES ('125', '0401', '700');
INSERT INTO `sys_user_group_oper_auth` VALUES ('125', '040101', '701');
INSERT INTO `sys_user_group_oper_auth` VALUES ('125', '040102', '702');
INSERT INTO `sys_user_group_oper_auth` VALUES ('125', '040103', '703');
INSERT INTO `sys_user_group_oper_auth` VALUES ('125', '0402', '704');
INSERT INTO `sys_user_group_oper_auth` VALUES ('125', '040201', '705');
INSERT INTO `sys_user_group_oper_auth` VALUES ('125', '040202', '706');
INSERT INTO `sys_user_group_oper_auth` VALUES ('125', '0403', '707');
INSERT INTO `sys_user_group_oper_auth` VALUES ('125', '040301', '708');
INSERT INTO `sys_user_group_oper_auth` VALUES ('125', '040302', '709');
INSERT INTO `sys_user_group_oper_auth` VALUES ('125', '040303', '710');
INSERT INTO `sys_user_group_oper_auth` VALUES ('125', '0405', '714');
INSERT INTO `sys_user_group_oper_auth` VALUES ('125', '040501', '715');
INSERT INTO `sys_user_group_oper_auth` VALUES ('125', '0406', '716');
INSERT INTO `sys_user_group_oper_auth` VALUES ('125', '040601', '717');
INSERT INTO `sys_user_group_oper_auth` VALUES ('125', '040602', '718');
INSERT INTO `sys_user_group_oper_auth` VALUES ('123', '02', '719');
INSERT INTO `sys_user_group_oper_auth` VALUES ('123', '0202', '720');
INSERT INTO `sys_user_group_oper_auth` VALUES ('123', '0203', '721');
INSERT INTO `sys_user_group_oper_auth` VALUES ('123', '0204', '722');
INSERT INTO `sys_user_group_oper_auth` VALUES ('123', '0205', '723');
INSERT INTO `sys_user_group_oper_auth` VALUES ('123', '08', '729');
INSERT INTO `sys_user_group_oper_auth` VALUES ('123', '0803', '730');
INSERT INTO `sys_user_group_oper_auth` VALUES ('123', '080301', '731');
INSERT INTO `sys_user_group_oper_auth` VALUES ('123', '080302', '732');
INSERT INTO `sys_user_group_oper_auth` VALUES ('123', '080303', '733');
INSERT INTO `sys_user_group_oper_auth` VALUES ('123', '0804', '735');
INSERT INTO `sys_user_group_oper_auth` VALUES ('121', '01', '736');
INSERT INTO `sys_user_group_oper_auth` VALUES ('121', '0103', '737');
INSERT INTO `sys_user_group_oper_auth` VALUES ('121', '010301', '738');
INSERT INTO `sys_user_group_oper_auth` VALUES ('121', '010302', '739');
INSERT INTO `sys_user_group_oper_auth` VALUES ('121', '02', '741');
INSERT INTO `sys_user_group_oper_auth` VALUES ('121', '0202', '742');
INSERT INTO `sys_user_group_oper_auth` VALUES ('121', '0203', '743');
INSERT INTO `sys_user_group_oper_auth` VALUES ('121', '0204', '744');
INSERT INTO `sys_user_group_oper_auth` VALUES ('121', '0205', '745');
INSERT INTO `sys_user_group_oper_auth` VALUES ('121', '03', '751');
INSERT INTO `sys_user_group_oper_auth` VALUES ('121', '0301', '752');
INSERT INTO `sys_user_group_oper_auth` VALUES ('121', '030101', '753');
INSERT INTO `sys_user_group_oper_auth` VALUES ('121', '03010101', '754');
INSERT INTO `sys_user_group_oper_auth` VALUES ('121', '030102', '755');
INSERT INTO `sys_user_group_oper_auth` VALUES ('121', '030103', '756');
INSERT INTO `sys_user_group_oper_auth` VALUES ('121', '030104', '757');
INSERT INTO `sys_user_group_oper_auth` VALUES ('121', '0302', '758');
INSERT INTO `sys_user_group_oper_auth` VALUES ('121', '030202', '759');
INSERT INTO `sys_user_group_oper_auth` VALUES ('121', '030203', '760');
INSERT INTO `sys_user_group_oper_auth` VALUES ('121', '0303', '761');
INSERT INTO `sys_user_group_oper_auth` VALUES ('121', '030301', '762');
INSERT INTO `sys_user_group_oper_auth` VALUES ('121', '030302', '763');
INSERT INTO `sys_user_group_oper_auth` VALUES ('121', '030303', '764');
INSERT INTO `sys_user_group_oper_auth` VALUES ('121', '030304', '765');
INSERT INTO `sys_user_group_oper_auth` VALUES ('121', '030305', '766');
INSERT INTO `sys_user_group_oper_auth` VALUES ('121', '030306', '767');
INSERT INTO `sys_user_group_oper_auth` VALUES ('121', '04', '768');
INSERT INTO `sys_user_group_oper_auth` VALUES ('121', '0401', '769');
INSERT INTO `sys_user_group_oper_auth` VALUES ('121', '040101', '770');
INSERT INTO `sys_user_group_oper_auth` VALUES ('121', '040102', '771');
INSERT INTO `sys_user_group_oper_auth` VALUES ('121', '040103', '772');
INSERT INTO `sys_user_group_oper_auth` VALUES ('121', '0402', '773');
INSERT INTO `sys_user_group_oper_auth` VALUES ('121', '040201', '774');
INSERT INTO `sys_user_group_oper_auth` VALUES ('121', '040202', '775');
INSERT INTO `sys_user_group_oper_auth` VALUES ('121', '0403', '776');
INSERT INTO `sys_user_group_oper_auth` VALUES ('121', '040301', '777');
INSERT INTO `sys_user_group_oper_auth` VALUES ('121', '040302', '778');
INSERT INTO `sys_user_group_oper_auth` VALUES ('121', '040303', '779');
INSERT INTO `sys_user_group_oper_auth` VALUES ('121', '0405', '783');
INSERT INTO `sys_user_group_oper_auth` VALUES ('121', '040501', '784');
INSERT INTO `sys_user_group_oper_auth` VALUES ('121', '0406', '785');
INSERT INTO `sys_user_group_oper_auth` VALUES ('121', '040601', '786');
INSERT INTO `sys_user_group_oper_auth` VALUES ('121', '040602', '787');
INSERT INTO `sys_user_group_oper_auth` VALUES ('121', '05', '788');
INSERT INTO `sys_user_group_oper_auth` VALUES ('121', '0501', '789');
INSERT INTO `sys_user_group_oper_auth` VALUES ('121', '050101', '790');
INSERT INTO `sys_user_group_oper_auth` VALUES ('121', '050102', '791');
INSERT INTO `sys_user_group_oper_auth` VALUES ('121', '0502', '792');
INSERT INTO `sys_user_group_oper_auth` VALUES ('121', '050201', '793');
INSERT INTO `sys_user_group_oper_auth` VALUES ('121', '0504', '794');
INSERT INTO `sys_user_group_oper_auth` VALUES ('121', '050401', '795');
INSERT INTO `sys_user_group_oper_auth` VALUES ('121', '08', '796');
INSERT INTO `sys_user_group_oper_auth` VALUES ('121', '0803', '797');
INSERT INTO `sys_user_group_oper_auth` VALUES ('121', '080301', '798');
INSERT INTO `sys_user_group_oper_auth` VALUES ('121', '080302', '799');
INSERT INTO `sys_user_group_oper_auth` VALUES ('121', '080303', '800');
INSERT INTO `sys_user_group_oper_auth` VALUES ('121', '0804', '802');
INSERT INTO `sys_user_group_oper_auth` VALUES ('114', '02', '905');
INSERT INTO `sys_user_group_oper_auth` VALUES ('114', '0201', '906');
INSERT INTO `sys_user_group_oper_auth` VALUES ('114', '020101', '907');
INSERT INTO `sys_user_group_oper_auth` VALUES ('114', '020102', '908');
INSERT INTO `sys_user_group_oper_auth` VALUES ('114', '020103', '909');
INSERT INTO `sys_user_group_oper_auth` VALUES ('114', '020104', '910');
INSERT INTO `sys_user_group_oper_auth` VALUES ('114', '0202', '911');
INSERT INTO `sys_user_group_oper_auth` VALUES ('114', '0203', '912');
INSERT INTO `sys_user_group_oper_auth` VALUES ('114', '021301', '913');
INSERT INTO `sys_user_group_oper_auth` VALUES ('114', '021303', '915');
INSERT INTO `sys_user_group_oper_auth` VALUES ('114', '021304', '916');
INSERT INTO `sys_user_group_oper_auth` VALUES ('114', '0209', '917');
INSERT INTO `sys_user_group_oper_auth` VALUES ('114', '0210', '918');
INSERT INTO `sys_user_group_oper_auth` VALUES ('114', '021001', '919');
INSERT INTO `sys_user_group_oper_auth` VALUES ('114', '021002', '920');
INSERT INTO `sys_user_group_oper_auth` VALUES ('114', '04', '921');
INSERT INTO `sys_user_group_oper_auth` VALUES ('114', '0406', '922');
INSERT INTO `sys_user_group_oper_auth` VALUES ('114', '040601', '923');
INSERT INTO `sys_user_group_oper_auth` VALUES ('114', '040602', '924');
INSERT INTO `sys_user_group_oper_auth` VALUES ('114', '05', '925');
INSERT INTO `sys_user_group_oper_auth` VALUES ('114', '0501', '926');
INSERT INTO `sys_user_group_oper_auth` VALUES ('114', '050101', '927');
INSERT INTO `sys_user_group_oper_auth` VALUES ('114', '050102', '928');
INSERT INTO `sys_user_group_oper_auth` VALUES ('114', '0502', '929');
INSERT INTO `sys_user_group_oper_auth` VALUES ('114', '050201', '930');
INSERT INTO `sys_user_group_oper_auth` VALUES ('114', '050301', '932');
INSERT INTO `sys_user_group_oper_auth` VALUES ('114', '050302', '933');
INSERT INTO `sys_user_group_oper_auth` VALUES ('114', '0504', '934');
INSERT INTO `sys_user_group_oper_auth` VALUES ('114', '050401', '935');
INSERT INTO `sys_user_group_oper_auth` VALUES ('114', '06', '938');
INSERT INTO `sys_user_group_oper_auth` VALUES ('114', '0601', '939');
INSERT INTO `sys_user_group_oper_auth` VALUES ('114', '060101', '940');
INSERT INTO `sys_user_group_oper_auth` VALUES ('114', '060102', '941');
INSERT INTO `sys_user_group_oper_auth` VALUES ('114', '060103', '942');
INSERT INTO `sys_user_group_oper_auth` VALUES ('114', '060104', '943');
INSERT INTO `sys_user_group_oper_auth` VALUES ('114', '060105', '944');
INSERT INTO `sys_user_group_oper_auth` VALUES ('114', '060106', '945');
INSERT INTO `sys_user_group_oper_auth` VALUES ('114', '0602', '946');
INSERT INTO `sys_user_group_oper_auth` VALUES ('114', '060201', '947');
INSERT INTO `sys_user_group_oper_auth` VALUES ('114', '060202', '948');
INSERT INTO `sys_user_group_oper_auth` VALUES ('114', '060203', '949');
INSERT INTO `sys_user_group_oper_auth` VALUES ('114', '060204', '950');
INSERT INTO `sys_user_group_oper_auth` VALUES ('114', '060205', '951');
INSERT INTO `sys_user_group_oper_auth` VALUES ('114', '060206', '952');
INSERT INTO `sys_user_group_oper_auth` VALUES ('114', '0603', '953');
INSERT INTO `sys_user_group_oper_auth` VALUES ('114', '060301', '954');
INSERT INTO `sys_user_group_oper_auth` VALUES ('114', '060302', '955');
INSERT INTO `sys_user_group_oper_auth` VALUES ('114', '060303', '956');
INSERT INTO `sys_user_group_oper_auth` VALUES ('114', '060304', '957');
INSERT INTO `sys_user_group_oper_auth` VALUES ('114', '060305', '958');
INSERT INTO `sys_user_group_oper_auth` VALUES ('114', '060306', '959');
INSERT INTO `sys_user_group_oper_auth` VALUES ('114', '0604', '960');
INSERT INTO `sys_user_group_oper_auth` VALUES ('114', '060401', '961');
INSERT INTO `sys_user_group_oper_auth` VALUES ('114', '060402', '962');
INSERT INTO `sys_user_group_oper_auth` VALUES ('114', '060403', '963');
INSERT INTO `sys_user_group_oper_auth` VALUES ('114', '060404', '964');
INSERT INTO `sys_user_group_oper_auth` VALUES ('114', '0605', '965');
INSERT INTO `sys_user_group_oper_auth` VALUES ('114', '060501', '966');
INSERT INTO `sys_user_group_oper_auth` VALUES ('114', '060502', '967');
INSERT INTO `sys_user_group_oper_auth` VALUES ('114', '060503', '968');
INSERT INTO `sys_user_group_oper_auth` VALUES ('114', '060504', '969');
INSERT INTO `sys_user_group_oper_auth` VALUES ('114', '0606', '970');
INSERT INTO `sys_user_group_oper_auth` VALUES ('114', '060601', '971');
INSERT INTO `sys_user_group_oper_auth` VALUES ('114', '060602', '972');
INSERT INTO `sys_user_group_oper_auth` VALUES ('114', '060603', '973');
INSERT INTO `sys_user_group_oper_auth` VALUES ('114', '0607', '974');
INSERT INTO `sys_user_group_oper_auth` VALUES ('114', '0608', '975');
INSERT INTO `sys_user_group_oper_auth` VALUES ('114', '060801', '976');
INSERT INTO `sys_user_group_oper_auth` VALUES ('114', '060802', '977');
INSERT INTO `sys_user_group_oper_auth` VALUES ('114', '060803', '978');
INSERT INTO `sys_user_group_oper_auth` VALUES ('114', '07', '979');
INSERT INTO `sys_user_group_oper_auth` VALUES ('114', '0701', '980');
INSERT INTO `sys_user_group_oper_auth` VALUES ('114', '070101', '981');
INSERT INTO `sys_user_group_oper_auth` VALUES ('114', '070102', '982');
INSERT INTO `sys_user_group_oper_auth` VALUES ('114', '070103', '983');
INSERT INTO `sys_user_group_oper_auth` VALUES ('114', '070104', '984');
INSERT INTO `sys_user_group_oper_auth` VALUES ('114', '070105', '985');
INSERT INTO `sys_user_group_oper_auth` VALUES ('114', '0702', '986');
INSERT INTO `sys_user_group_oper_auth` VALUES ('114', '08', '987');
INSERT INTO `sys_user_group_oper_auth` VALUES ('114', '0801', '988');
INSERT INTO `sys_user_group_oper_auth` VALUES ('114', '0802', '989');
INSERT INTO `sys_user_group_oper_auth` VALUES ('114', '0803', '990');
INSERT INTO `sys_user_group_oper_auth` VALUES ('114', '080301', '991');
INSERT INTO `sys_user_group_oper_auth` VALUES ('114', '080302', '992');
INSERT INTO `sys_user_group_oper_auth` VALUES ('114', '080303', '993');
INSERT INTO `sys_user_group_oper_auth` VALUES ('114', '080304', '994');
INSERT INTO `sys_user_group_oper_auth` VALUES ('114', '0804', '995');
INSERT INTO `sys_user_group_oper_auth` VALUES ('116', '06', '1120');
INSERT INTO `sys_user_group_oper_auth` VALUES ('116', '0601', '1121');
INSERT INTO `sys_user_group_oper_auth` VALUES ('116', '060101', '1122');
INSERT INTO `sys_user_group_oper_auth` VALUES ('116', '060102', '1123');
INSERT INTO `sys_user_group_oper_auth` VALUES ('116', '060103', '1124');
INSERT INTO `sys_user_group_oper_auth` VALUES ('116', '060104', '1125');
INSERT INTO `sys_user_group_oper_auth` VALUES ('116', '060105', '1126');
INSERT INTO `sys_user_group_oper_auth` VALUES ('116', '060106', '1127');
INSERT INTO `sys_user_group_oper_auth` VALUES ('116', '060201', '1129');
INSERT INTO `sys_user_group_oper_auth` VALUES ('116', '060202', '1130');
INSERT INTO `sys_user_group_oper_auth` VALUES ('116', '060203', '1131');
INSERT INTO `sys_user_group_oper_auth` VALUES ('116', '060204', '1132');
INSERT INTO `sys_user_group_oper_auth` VALUES ('116', '060205', '1133');
INSERT INTO `sys_user_group_oper_auth` VALUES ('116', '060206', '1134');
INSERT INTO `sys_user_group_oper_auth` VALUES ('116', '0603', '1135');
INSERT INTO `sys_user_group_oper_auth` VALUES ('116', '060301', '1136');
INSERT INTO `sys_user_group_oper_auth` VALUES ('116', '060302', '1137');
INSERT INTO `sys_user_group_oper_auth` VALUES ('116', '060303', '1138');
INSERT INTO `sys_user_group_oper_auth` VALUES ('116', '060304', '1139');
INSERT INTO `sys_user_group_oper_auth` VALUES ('116', '060305', '1140');
INSERT INTO `sys_user_group_oper_auth` VALUES ('116', '060306', '1141');
INSERT INTO `sys_user_group_oper_auth` VALUES ('116', '0604', '1142');
INSERT INTO `sys_user_group_oper_auth` VALUES ('116', '060401', '1143');
INSERT INTO `sys_user_group_oper_auth` VALUES ('116', '060402', '1144');
INSERT INTO `sys_user_group_oper_auth` VALUES ('116', '060403', '1145');
INSERT INTO `sys_user_group_oper_auth` VALUES ('116', '060404', '1146');
INSERT INTO `sys_user_group_oper_auth` VALUES ('116', '0605', '1147');
INSERT INTO `sys_user_group_oper_auth` VALUES ('116', '060501', '1148');
INSERT INTO `sys_user_group_oper_auth` VALUES ('116', '060502', '1149');
INSERT INTO `sys_user_group_oper_auth` VALUES ('116', '060503', '1150');
INSERT INTO `sys_user_group_oper_auth` VALUES ('116', '060504', '1151');
INSERT INTO `sys_user_group_oper_auth` VALUES ('116', '0606', '1152');
INSERT INTO `sys_user_group_oper_auth` VALUES ('116', '060601', '1153');
INSERT INTO `sys_user_group_oper_auth` VALUES ('116', '060602', '1154');
INSERT INTO `sys_user_group_oper_auth` VALUES ('116', '060603', '1155');
INSERT INTO `sys_user_group_oper_auth` VALUES ('116', '0607', '1156');
INSERT INTO `sys_user_group_oper_auth` VALUES ('116', '0608', '1157');
INSERT INTO `sys_user_group_oper_auth` VALUES ('116', '060801', '1158');
INSERT INTO `sys_user_group_oper_auth` VALUES ('116', '060802', '1159');
INSERT INTO `sys_user_group_oper_auth` VALUES ('116', '060803', '1160');
INSERT INTO `sys_user_group_oper_auth` VALUES ('117', '02', '1178');
INSERT INTO `sys_user_group_oper_auth` VALUES ('117', '0201', '1179');
INSERT INTO `sys_user_group_oper_auth` VALUES ('117', '020101', '1180');
INSERT INTO `sys_user_group_oper_auth` VALUES ('117', '020102', '1181');
INSERT INTO `sys_user_group_oper_auth` VALUES ('117', '020103', '1182');
INSERT INTO `sys_user_group_oper_auth` VALUES ('117', '020104', '1183');
INSERT INTO `sys_user_group_oper_auth` VALUES ('117', '0202', '1184');
INSERT INTO `sys_user_group_oper_auth` VALUES ('117', '0203', '1185');
INSERT INTO `sys_user_group_oper_auth` VALUES ('117', '021301', '1186');
INSERT INTO `sys_user_group_oper_auth` VALUES ('117', '021303', '1188');
INSERT INTO `sys_user_group_oper_auth` VALUES ('117', '021304', '1189');
INSERT INTO `sys_user_group_oper_auth` VALUES ('117', '0209', '1190');
INSERT INTO `sys_user_group_oper_auth` VALUES ('117', '0210', '1191');
INSERT INTO `sys_user_group_oper_auth` VALUES ('117', '021001', '1192');
INSERT INTO `sys_user_group_oper_auth` VALUES ('117', '021002', '1193');
INSERT INTO `sys_user_group_oper_auth` VALUES ('117', '04', '1194');
INSERT INTO `sys_user_group_oper_auth` VALUES ('117', '0406', '1195');
INSERT INTO `sys_user_group_oper_auth` VALUES ('117', '040601', '1196');
INSERT INTO `sys_user_group_oper_auth` VALUES ('117', '040602', '1197');
INSERT INTO `sys_user_group_oper_auth` VALUES ('117', '05', '1198');
INSERT INTO `sys_user_group_oper_auth` VALUES ('117', '0501', '1199');
INSERT INTO `sys_user_group_oper_auth` VALUES ('117', '050101', '1200');
INSERT INTO `sys_user_group_oper_auth` VALUES ('117', '050102', '1201');
INSERT INTO `sys_user_group_oper_auth` VALUES ('117', '0502', '1202');
INSERT INTO `sys_user_group_oper_auth` VALUES ('117', '050201', '1203');
INSERT INTO `sys_user_group_oper_auth` VALUES ('117', '050301', '1205');
INSERT INTO `sys_user_group_oper_auth` VALUES ('117', '050302', '1206');
INSERT INTO `sys_user_group_oper_auth` VALUES ('117', '0504', '1207');
INSERT INTO `sys_user_group_oper_auth` VALUES ('117', '050401', '1208');
INSERT INTO `sys_user_group_oper_auth` VALUES ('117', '06', '1211');
INSERT INTO `sys_user_group_oper_auth` VALUES ('117', '0601', '1212');
INSERT INTO `sys_user_group_oper_auth` VALUES ('117', '060101', '1213');
INSERT INTO `sys_user_group_oper_auth` VALUES ('117', '060102', '1214');
INSERT INTO `sys_user_group_oper_auth` VALUES ('117', '060103', '1215');
INSERT INTO `sys_user_group_oper_auth` VALUES ('117', '060104', '1216');
INSERT INTO `sys_user_group_oper_auth` VALUES ('117', '060105', '1217');
INSERT INTO `sys_user_group_oper_auth` VALUES ('117', '060106', '1218');
INSERT INTO `sys_user_group_oper_auth` VALUES ('117', '0602', '1219');
INSERT INTO `sys_user_group_oper_auth` VALUES ('117', '060201', '1220');
INSERT INTO `sys_user_group_oper_auth` VALUES ('117', '060202', '1221');
INSERT INTO `sys_user_group_oper_auth` VALUES ('117', '060203', '1222');
INSERT INTO `sys_user_group_oper_auth` VALUES ('117', '060204', '1223');
INSERT INTO `sys_user_group_oper_auth` VALUES ('117', '060205', '1224');
INSERT INTO `sys_user_group_oper_auth` VALUES ('117', '060206', '1225');
INSERT INTO `sys_user_group_oper_auth` VALUES ('117', '0603', '1226');
INSERT INTO `sys_user_group_oper_auth` VALUES ('117', '060301', '1227');
INSERT INTO `sys_user_group_oper_auth` VALUES ('117', '060302', '1228');
INSERT INTO `sys_user_group_oper_auth` VALUES ('117', '060303', '1229');
INSERT INTO `sys_user_group_oper_auth` VALUES ('117', '060304', '1230');
INSERT INTO `sys_user_group_oper_auth` VALUES ('117', '060305', '1231');
INSERT INTO `sys_user_group_oper_auth` VALUES ('117', '060306', '1232');
INSERT INTO `sys_user_group_oper_auth` VALUES ('117', '0604', '1233');
INSERT INTO `sys_user_group_oper_auth` VALUES ('117', '060401', '1234');
INSERT INTO `sys_user_group_oper_auth` VALUES ('117', '060402', '1235');
INSERT INTO `sys_user_group_oper_auth` VALUES ('117', '060403', '1236');
INSERT INTO `sys_user_group_oper_auth` VALUES ('117', '060404', '1237');
INSERT INTO `sys_user_group_oper_auth` VALUES ('117', '0605', '1238');
INSERT INTO `sys_user_group_oper_auth` VALUES ('117', '060501', '1239');
INSERT INTO `sys_user_group_oper_auth` VALUES ('117', '060502', '1240');
INSERT INTO `sys_user_group_oper_auth` VALUES ('117', '060503', '1241');
INSERT INTO `sys_user_group_oper_auth` VALUES ('117', '060504', '1242');
INSERT INTO `sys_user_group_oper_auth` VALUES ('117', '0606', '1243');
INSERT INTO `sys_user_group_oper_auth` VALUES ('117', '060601', '1244');
INSERT INTO `sys_user_group_oper_auth` VALUES ('117', '060602', '1245');
INSERT INTO `sys_user_group_oper_auth` VALUES ('117', '060603', '1246');
INSERT INTO `sys_user_group_oper_auth` VALUES ('117', '0607', '1247');
INSERT INTO `sys_user_group_oper_auth` VALUES ('117', '0608', '1248');
INSERT INTO `sys_user_group_oper_auth` VALUES ('117', '060801', '1249');
INSERT INTO `sys_user_group_oper_auth` VALUES ('117', '060802', '1250');
INSERT INTO `sys_user_group_oper_auth` VALUES ('117', '060803', '1251');
INSERT INTO `sys_user_group_oper_auth` VALUES ('117', '07', '1252');
INSERT INTO `sys_user_group_oper_auth` VALUES ('117', '0701', '1253');
INSERT INTO `sys_user_group_oper_auth` VALUES ('117', '070101', '1254');
INSERT INTO `sys_user_group_oper_auth` VALUES ('117', '070102', '1255');
INSERT INTO `sys_user_group_oper_auth` VALUES ('117', '070103', '1256');
INSERT INTO `sys_user_group_oper_auth` VALUES ('117', '070104', '1257');
INSERT INTO `sys_user_group_oper_auth` VALUES ('117', '070105', '1258');
INSERT INTO `sys_user_group_oper_auth` VALUES ('117', '0702', '1259');
INSERT INTO `sys_user_group_oper_auth` VALUES ('117', '08', '1260');
INSERT INTO `sys_user_group_oper_auth` VALUES ('117', '0801', '1261');
INSERT INTO `sys_user_group_oper_auth` VALUES ('117', '0802', '1262');
INSERT INTO `sys_user_group_oper_auth` VALUES ('117', '0803', '1263');
INSERT INTO `sys_user_group_oper_auth` VALUES ('117', '080301', '1264');
INSERT INTO `sys_user_group_oper_auth` VALUES ('117', '080302', '1265');
INSERT INTO `sys_user_group_oper_auth` VALUES ('117', '080303', '1266');
INSERT INTO `sys_user_group_oper_auth` VALUES ('117', '080304', '1267');
INSERT INTO `sys_user_group_oper_auth` VALUES ('117', '0804', '1268');
INSERT INTO `sys_user_group_oper_auth` VALUES ('118', '02', '1269');
INSERT INTO `sys_user_group_oper_auth` VALUES ('118', '0201', '1270');
INSERT INTO `sys_user_group_oper_auth` VALUES ('118', '020101', '1271');
INSERT INTO `sys_user_group_oper_auth` VALUES ('118', '020102', '1272');
INSERT INTO `sys_user_group_oper_auth` VALUES ('118', '020103', '1273');
INSERT INTO `sys_user_group_oper_auth` VALUES ('118', '020104', '1274');
INSERT INTO `sys_user_group_oper_auth` VALUES ('118', '0202', '1275');
INSERT INTO `sys_user_group_oper_auth` VALUES ('118', '0203', '1276');
INSERT INTO `sys_user_group_oper_auth` VALUES ('118', '021301', '1277');
INSERT INTO `sys_user_group_oper_auth` VALUES ('118', '021303', '1279');
INSERT INTO `sys_user_group_oper_auth` VALUES ('118', '021304', '1280');
INSERT INTO `sys_user_group_oper_auth` VALUES ('118', '0209', '1281');
INSERT INTO `sys_user_group_oper_auth` VALUES ('118', '0210', '1282');
INSERT INTO `sys_user_group_oper_auth` VALUES ('118', '021001', '1283');
INSERT INTO `sys_user_group_oper_auth` VALUES ('118', '021002', '1284');
INSERT INTO `sys_user_group_oper_auth` VALUES ('118', '04', '1285');
INSERT INTO `sys_user_group_oper_auth` VALUES ('118', '0406', '1286');
INSERT INTO `sys_user_group_oper_auth` VALUES ('118', '040601', '1287');
INSERT INTO `sys_user_group_oper_auth` VALUES ('118', '040602', '1288');
INSERT INTO `sys_user_group_oper_auth` VALUES ('118', '05', '1289');
INSERT INTO `sys_user_group_oper_auth` VALUES ('118', '0501', '1290');
INSERT INTO `sys_user_group_oper_auth` VALUES ('118', '050101', '1291');
INSERT INTO `sys_user_group_oper_auth` VALUES ('118', '050102', '1292');
INSERT INTO `sys_user_group_oper_auth` VALUES ('118', '0502', '1293');
INSERT INTO `sys_user_group_oper_auth` VALUES ('118', '050201', '1294');
INSERT INTO `sys_user_group_oper_auth` VALUES ('118', '050301', '1296');
INSERT INTO `sys_user_group_oper_auth` VALUES ('118', '050302', '1297');
INSERT INTO `sys_user_group_oper_auth` VALUES ('118', '0504', '1298');
INSERT INTO `sys_user_group_oper_auth` VALUES ('118', '050401', '1299');
INSERT INTO `sys_user_group_oper_auth` VALUES ('118', '06', '1302');
INSERT INTO `sys_user_group_oper_auth` VALUES ('118', '0601', '1303');
INSERT INTO `sys_user_group_oper_auth` VALUES ('118', '060101', '1304');
INSERT INTO `sys_user_group_oper_auth` VALUES ('118', '060102', '1305');
INSERT INTO `sys_user_group_oper_auth` VALUES ('118', '060103', '1306');
INSERT INTO `sys_user_group_oper_auth` VALUES ('118', '060104', '1307');
INSERT INTO `sys_user_group_oper_auth` VALUES ('118', '060105', '1308');
INSERT INTO `sys_user_group_oper_auth` VALUES ('118', '060106', '1309');
INSERT INTO `sys_user_group_oper_auth` VALUES ('118', '0602', '1310');
INSERT INTO `sys_user_group_oper_auth` VALUES ('118', '060201', '1311');
INSERT INTO `sys_user_group_oper_auth` VALUES ('118', '060202', '1312');
INSERT INTO `sys_user_group_oper_auth` VALUES ('118', '060203', '1313');
INSERT INTO `sys_user_group_oper_auth` VALUES ('118', '060204', '1314');
INSERT INTO `sys_user_group_oper_auth` VALUES ('118', '060205', '1315');
INSERT INTO `sys_user_group_oper_auth` VALUES ('118', '060206', '1316');
INSERT INTO `sys_user_group_oper_auth` VALUES ('118', '0603', '1317');
INSERT INTO `sys_user_group_oper_auth` VALUES ('118', '060301', '1318');
INSERT INTO `sys_user_group_oper_auth` VALUES ('118', '060302', '1319');
INSERT INTO `sys_user_group_oper_auth` VALUES ('118', '060303', '1320');
INSERT INTO `sys_user_group_oper_auth` VALUES ('118', '060304', '1321');
INSERT INTO `sys_user_group_oper_auth` VALUES ('118', '060305', '1322');
INSERT INTO `sys_user_group_oper_auth` VALUES ('118', '060306', '1323');
INSERT INTO `sys_user_group_oper_auth` VALUES ('118', '0604', '1324');
INSERT INTO `sys_user_group_oper_auth` VALUES ('118', '060401', '1325');
INSERT INTO `sys_user_group_oper_auth` VALUES ('118', '060402', '1326');
INSERT INTO `sys_user_group_oper_auth` VALUES ('118', '060403', '1327');
INSERT INTO `sys_user_group_oper_auth` VALUES ('118', '060404', '1328');
INSERT INTO `sys_user_group_oper_auth` VALUES ('118', '0605', '1329');
INSERT INTO `sys_user_group_oper_auth` VALUES ('118', '060501', '1330');
INSERT INTO `sys_user_group_oper_auth` VALUES ('118', '060502', '1331');
INSERT INTO `sys_user_group_oper_auth` VALUES ('118', '060503', '1332');
INSERT INTO `sys_user_group_oper_auth` VALUES ('118', '060504', '1333');
INSERT INTO `sys_user_group_oper_auth` VALUES ('118', '0606', '1334');
INSERT INTO `sys_user_group_oper_auth` VALUES ('118', '060601', '1335');
INSERT INTO `sys_user_group_oper_auth` VALUES ('118', '060602', '1336');
INSERT INTO `sys_user_group_oper_auth` VALUES ('118', '060603', '1337');
INSERT INTO `sys_user_group_oper_auth` VALUES ('118', '0607', '1338');
INSERT INTO `sys_user_group_oper_auth` VALUES ('118', '0608', '1339');
INSERT INTO `sys_user_group_oper_auth` VALUES ('118', '060801', '1340');
INSERT INTO `sys_user_group_oper_auth` VALUES ('118', '060802', '1341');
INSERT INTO `sys_user_group_oper_auth` VALUES ('118', '060803', '1342');
INSERT INTO `sys_user_group_oper_auth` VALUES ('118', '07', '1343');
INSERT INTO `sys_user_group_oper_auth` VALUES ('118', '0701', '1344');
INSERT INTO `sys_user_group_oper_auth` VALUES ('118', '070101', '1345');
INSERT INTO `sys_user_group_oper_auth` VALUES ('118', '070102', '1346');
INSERT INTO `sys_user_group_oper_auth` VALUES ('118', '070103', '1347');
INSERT INTO `sys_user_group_oper_auth` VALUES ('118', '070104', '1348');
INSERT INTO `sys_user_group_oper_auth` VALUES ('118', '070105', '1349');
INSERT INTO `sys_user_group_oper_auth` VALUES ('118', '0702', '1350');
INSERT INTO `sys_user_group_oper_auth` VALUES ('118', '08', '1351');
INSERT INTO `sys_user_group_oper_auth` VALUES ('118', '0801', '1352');
INSERT INTO `sys_user_group_oper_auth` VALUES ('118', '0802', '1353');
INSERT INTO `sys_user_group_oper_auth` VALUES ('118', '0803', '1354');
INSERT INTO `sys_user_group_oper_auth` VALUES ('118', '080301', '1355');
INSERT INTO `sys_user_group_oper_auth` VALUES ('118', '080302', '1356');
INSERT INTO `sys_user_group_oper_auth` VALUES ('118', '080303', '1357');
INSERT INTO `sys_user_group_oper_auth` VALUES ('118', '080304', '1358');
INSERT INTO `sys_user_group_oper_auth` VALUES ('118', '0804', '1359');
INSERT INTO `sys_user_group_oper_auth` VALUES ('119', '02', '1360');
INSERT INTO `sys_user_group_oper_auth` VALUES ('119', '0201', '1361');
INSERT INTO `sys_user_group_oper_auth` VALUES ('119', '0202', '1366');
INSERT INTO `sys_user_group_oper_auth` VALUES ('119', '0203', '1367');
INSERT INTO `sys_user_group_oper_auth` VALUES ('119', '0209', '1372');
INSERT INTO `sys_user_group_oper_auth` VALUES ('119', '0210', '1373');
INSERT INTO `sys_user_group_oper_auth` VALUES ('119', '04', '1376');
INSERT INTO `sys_user_group_oper_auth` VALUES ('119', '0406', '1377');
INSERT INTO `sys_user_group_oper_auth` VALUES ('119', '05', '1380');
INSERT INTO `sys_user_group_oper_auth` VALUES ('119', '0501', '1381');
INSERT INTO `sys_user_group_oper_auth` VALUES ('119', '0502', '1384');
INSERT INTO `sys_user_group_oper_auth` VALUES ('119', '0504', '1389');
INSERT INTO `sys_user_group_oper_auth` VALUES ('119', '06', '1393');
INSERT INTO `sys_user_group_oper_auth` VALUES ('119', '0601', '1394');
INSERT INTO `sys_user_group_oper_auth` VALUES ('119', '0602', '1401');
INSERT INTO `sys_user_group_oper_auth` VALUES ('119', '0603', '1408');
INSERT INTO `sys_user_group_oper_auth` VALUES ('119', '0604', '1415');
INSERT INTO `sys_user_group_oper_auth` VALUES ('119', '0605', '1420');
INSERT INTO `sys_user_group_oper_auth` VALUES ('119', '0606', '1425');
INSERT INTO `sys_user_group_oper_auth` VALUES ('119', '0607', '1429');
INSERT INTO `sys_user_group_oper_auth` VALUES ('119', '0608', '1430');
INSERT INTO `sys_user_group_oper_auth` VALUES ('119', '07', '1434');
INSERT INTO `sys_user_group_oper_auth` VALUES ('119', '0701', '1435');
INSERT INTO `sys_user_group_oper_auth` VALUES ('119', '0702', '1441');
INSERT INTO `sys_user_group_oper_auth` VALUES ('119', '08', '1442');
INSERT INTO `sys_user_group_oper_auth` VALUES ('119', '0801', '1443');
INSERT INTO `sys_user_group_oper_auth` VALUES ('119', '0802', '1444');
INSERT INTO `sys_user_group_oper_auth` VALUES ('119', '0803', '1445');
INSERT INTO `sys_user_group_oper_auth` VALUES ('119', '0804', '1450');
INSERT INTO `sys_user_group_oper_auth` VALUES ('112', '05', '1451');
INSERT INTO `sys_user_group_oper_auth` VALUES ('112', '0501', '1452');
INSERT INTO `sys_user_group_oper_auth` VALUES ('112', '050101', '1453');
INSERT INTO `sys_user_group_oper_auth` VALUES ('112', '050102', '1454');
INSERT INTO `sys_user_group_oper_auth` VALUES ('112', '0502', '1455');
INSERT INTO `sys_user_group_oper_auth` VALUES ('112', '050201', '1456');
INSERT INTO `sys_user_group_oper_auth` VALUES ('112', '050301', '1458');
INSERT INTO `sys_user_group_oper_auth` VALUES ('112', '050302', '1459');
INSERT INTO `sys_user_group_oper_auth` VALUES ('112', '0504', '1460');
INSERT INTO `sys_user_group_oper_auth` VALUES ('112', '050401', '1461');
INSERT INTO `sys_user_group_oper_auth` VALUES ('1', '030105', '1474');
INSERT INTO `sys_user_group_oper_auth` VALUES ('1', '030307', '1475');
INSERT INTO `sys_user_group_oper_auth` VALUES ('125', '030105', '1476');
INSERT INTO `sys_user_group_oper_auth` VALUES ('125', '030307', '1477');
INSERT INTO `sys_user_group_oper_auth` VALUES ('121', '030307', '1478');
INSERT INTO `sys_user_group_oper_auth` VALUES ('121', '030105', '1479');
INSERT INTO `sys_user_group_oper_auth` VALUES ('131', '030105', '1480');
INSERT INTO `sys_user_group_oper_auth` VALUES ('131', '030307', '1481');
INSERT INTO `sys_user_group_oper_auth` VALUES ('133', '030307', '1482');
INSERT INTO `sys_user_group_oper_auth` VALUES ('133', '030105', '1483');
INSERT INTO `sys_user_group_oper_auth` VALUES ('121', '0801', '1484');
INSERT INTO `sys_user_group_oper_auth` VALUES ('121', '0802', '1485');
INSERT INTO `sys_user_group_oper_auth` VALUES ('123', '0801', '1486');
INSERT INTO `sys_user_group_oper_auth` VALUES ('123', '0802', '1487');
INSERT INTO `sys_user_group_oper_auth` VALUES ('111', '01', '1490');
INSERT INTO `sys_user_group_oper_auth` VALUES ('111', '0101', '1491');
INSERT INTO `sys_user_group_oper_auth` VALUES ('111', '02', '1492');
INSERT INTO `sys_user_group_oper_auth` VALUES ('111', '0201', '1493');
INSERT INTO `sys_user_group_oper_auth` VALUES ('111', '0203', '1494');
INSERT INTO `sys_user_group_oper_auth` VALUES ('111', '020101', '1495');
INSERT INTO `sys_user_group_oper_auth` VALUES ('111', '020102', '1496');
INSERT INTO `sys_user_group_oper_auth` VALUES ('111', '020103', '1497');
INSERT INTO `sys_user_group_oper_auth` VALUES ('111', '020104', '1498');
INSERT INTO `sys_user_group_oper_auth` VALUES ('111', '0202', '1499');
INSERT INTO `sys_user_group_oper_auth` VALUES ('111', '021301', '1500');
INSERT INTO `sys_user_group_oper_auth` VALUES ('111', '021303', '1502');
INSERT INTO `sys_user_group_oper_auth` VALUES ('111', '021304', '1503');
INSERT INTO `sys_user_group_oper_auth` VALUES ('111', '03', '1504');
INSERT INTO `sys_user_group_oper_auth` VALUES ('111', '0301', '1505');
INSERT INTO `sys_user_group_oper_auth` VALUES ('111', '04', '1506');
INSERT INTO `sys_user_group_oper_auth` VALUES ('111', '0401', '1507');
INSERT INTO `sys_user_group_oper_auth` VALUES ('111', '0402', '1508');
INSERT INTO `sys_user_group_oper_auth` VALUES ('111', '0205', '1509');
INSERT INTO `sys_user_group_oper_auth` VALUES ('111', '040101', '1512');
INSERT INTO `sys_user_group_oper_auth` VALUES ('111', '05', '1513');
INSERT INTO `sys_user_group_oper_auth` VALUES ('111', '0501', '1514');
INSERT INTO `sys_user_group_oper_auth` VALUES ('111', '0502', '1515');
INSERT INTO `sys_user_group_oper_auth` VALUES ('111', '050101', '1516');
INSERT INTO `sys_user_group_oper_auth` VALUES ('111', '0302', '1517');
INSERT INTO `sys_user_group_oper_auth` VALUES ('111', '030201', '1518');
INSERT INTO `sys_user_group_oper_auth` VALUES ('111', '030101', '1519');
INSERT INTO `sys_user_group_oper_auth` VALUES ('111', '0204', '1520');
INSERT INTO `sys_user_group_oper_auth` VALUES ('111', '030301', '1521');
INSERT INTO `sys_user_group_oper_auth` VALUES ('111', '0303', '1522');
INSERT INTO `sys_user_group_oper_auth` VALUES ('111', '0403', '1523');
INSERT INTO `sys_user_group_oper_auth` VALUES ('111', '030102', '1524');
INSERT INTO `sys_user_group_oper_auth` VALUES ('111', '0405', '1525');
INSERT INTO `sys_user_group_oper_auth` VALUES ('111', '030202', '1526');
INSERT INTO `sys_user_group_oper_auth` VALUES ('111', '030302', '1527');
INSERT INTO `sys_user_group_oper_auth` VALUES ('111', '030303', '1528');
INSERT INTO `sys_user_group_oper_auth` VALUES ('111', '030103', '1529');
INSERT INTO `sys_user_group_oper_auth` VALUES ('111', '050201', '1530');
INSERT INTO `sys_user_group_oper_auth` VALUES ('111', '050302', '1531');
INSERT INTO `sys_user_group_oper_auth` VALUES ('111', '030203', '1532');
INSERT INTO `sys_user_group_oper_auth` VALUES ('111', '030304', '1533');
INSERT INTO `sys_user_group_oper_auth` VALUES ('111', '0102', '1534');
INSERT INTO `sys_user_group_oper_auth` VALUES ('111', '010201', '1535');
INSERT INTO `sys_user_group_oper_auth` VALUES ('111', '010202', '1536');
INSERT INTO `sys_user_group_oper_auth` VALUES ('111', '010203', '1537');
INSERT INTO `sys_user_group_oper_auth` VALUES ('111', '030104', '1538');
INSERT INTO `sys_user_group_oper_auth` VALUES ('111', '06', '1539');
INSERT INTO `sys_user_group_oper_auth` VALUES ('111', '0601', '1540');
INSERT INTO `sys_user_group_oper_auth` VALUES ('111', '0602', '1541');
INSERT INTO `sys_user_group_oper_auth` VALUES ('111', '0603', '1542');
INSERT INTO `sys_user_group_oper_auth` VALUES ('111', '060101', '1543');
INSERT INTO `sys_user_group_oper_auth` VALUES ('111', '060102', '1544');
INSERT INTO `sys_user_group_oper_auth` VALUES ('111', '060103', '1545');
INSERT INTO `sys_user_group_oper_auth` VALUES ('111', '060104', '1546');
INSERT INTO `sys_user_group_oper_auth` VALUES ('111', '060105', '1547');
INSERT INTO `sys_user_group_oper_auth` VALUES ('111', '030305', '1548');
INSERT INTO `sys_user_group_oper_auth` VALUES ('111', '0604', '1549');
INSERT INTO `sys_user_group_oper_auth` VALUES ('111', '07', '1550');
INSERT INTO `sys_user_group_oper_auth` VALUES ('111', '0701', '1551');
INSERT INTO `sys_user_group_oper_auth` VALUES ('111', '0103', '1552');
INSERT INTO `sys_user_group_oper_auth` VALUES ('111', '010302', '1554');
INSERT INTO `sys_user_group_oper_auth` VALUES ('111', '010303', '1555');
INSERT INTO `sys_user_group_oper_auth` VALUES ('111', '08', '1556');
INSERT INTO `sys_user_group_oper_auth` VALUES ('111', '0801', '1557');
INSERT INTO `sys_user_group_oper_auth` VALUES ('111', '0802', '1558');
INSERT INTO `sys_user_group_oper_auth` VALUES ('111', '080301', '1559');
INSERT INTO `sys_user_group_oper_auth` VALUES ('111', '080302', '1560');
INSERT INTO `sys_user_group_oper_auth` VALUES ('111', '080303', '1561');
INSERT INTO `sys_user_group_oper_auth` VALUES ('111', '030306', '1562');
INSERT INTO `sys_user_group_oper_auth` VALUES ('111', '0803', '1563');
INSERT INTO `sys_user_group_oper_auth` VALUES ('111', '060401', '1564');
INSERT INTO `sys_user_group_oper_auth` VALUES ('111', '060402', '1565');
INSERT INTO `sys_user_group_oper_auth` VALUES ('111', '060403', '1566');
INSERT INTO `sys_user_group_oper_auth` VALUES ('111', '070101', '1567');
INSERT INTO `sys_user_group_oper_auth` VALUES ('111', '070102', '1568');
INSERT INTO `sys_user_group_oper_auth` VALUES ('111', '070103', '1569');
INSERT INTO `sys_user_group_oper_auth` VALUES ('111', '070104', '1570');
INSERT INTO `sys_user_group_oper_auth` VALUES ('111', '0605', '1571');
INSERT INTO `sys_user_group_oper_auth` VALUES ('111', '060501', '1572');
INSERT INTO `sys_user_group_oper_auth` VALUES ('111', '0606', '1573');
INSERT INTO `sys_user_group_oper_auth` VALUES ('111', '060601', '1574');
INSERT INTO `sys_user_group_oper_auth` VALUES ('111', '060603', '1575');
INSERT INTO `sys_user_group_oper_auth` VALUES ('111', '0406', '1576');
INSERT INTO `sys_user_group_oper_auth` VALUES ('111', '060602', '1577');
INSERT INTO `sys_user_group_oper_auth` VALUES ('111', '0804', '1578');
INSERT INTO `sys_user_group_oper_auth` VALUES ('111', '0104', '1579');
INSERT INTO `sys_user_group_oper_auth` VALUES ('111', '060201', '1580');
INSERT INTO `sys_user_group_oper_auth` VALUES ('111', '060202', '1581');
INSERT INTO `sys_user_group_oper_auth` VALUES ('111', '060203', '1582');
INSERT INTO `sys_user_group_oper_auth` VALUES ('111', '060204', '1583');
INSERT INTO `sys_user_group_oper_auth` VALUES ('111', '060205', '1584');
INSERT INTO `sys_user_group_oper_auth` VALUES ('111', '060503', '1585');
INSERT INTO `sys_user_group_oper_auth` VALUES ('111', '060301', '1586');
INSERT INTO `sys_user_group_oper_auth` VALUES ('111', '060302', '1587');
INSERT INTO `sys_user_group_oper_auth` VALUES ('111', '060303', '1588');
INSERT INTO `sys_user_group_oper_auth` VALUES ('111', '060304', '1589');
INSERT INTO `sys_user_group_oper_auth` VALUES ('111', '060305', '1590');
INSERT INTO `sys_user_group_oper_auth` VALUES ('111', '060502', '1591');
INSERT INTO `sys_user_group_oper_auth` VALUES ('111', '0607', '1592');
INSERT INTO `sys_user_group_oper_auth` VALUES ('111', '03010101', '1593');
INSERT INTO `sys_user_group_oper_auth` VALUES ('111', '040102', '1594');
INSERT INTO `sys_user_group_oper_auth` VALUES ('111', '040301', '1595');
INSERT INTO `sys_user_group_oper_auth` VALUES ('111', '040302', '1596');
INSERT INTO `sys_user_group_oper_auth` VALUES ('111', '040501', '1597');
INSERT INTO `sys_user_group_oper_auth` VALUES ('111', '040601', '1598');
INSERT INTO `sys_user_group_oper_auth` VALUES ('111', '040602', '1599');
INSERT INTO `sys_user_group_oper_auth` VALUES ('111', '0702', '1604');
INSERT INTO `sys_user_group_oper_auth` VALUES ('111', '0608', '1605');
INSERT INTO `sys_user_group_oper_auth` VALUES ('111', '060801', '1606');
INSERT INTO `sys_user_group_oper_auth` VALUES ('111', '060802', '1607');
INSERT INTO `sys_user_group_oper_auth` VALUES ('111', '060803', '1608');
INSERT INTO `sys_user_group_oper_auth` VALUES ('111', '070105', '1609');
INSERT INTO `sys_user_group_oper_auth` VALUES ('111', '080304', '1610');
INSERT INTO `sys_user_group_oper_auth` VALUES ('111', '050301', '1612');
INSERT INTO `sys_user_group_oper_auth` VALUES ('111', '0504', '1613');
INSERT INTO `sys_user_group_oper_auth` VALUES ('111', '050401', '1614');
INSERT INTO `sys_user_group_oper_auth` VALUES ('111', '050102', '1616');
INSERT INTO `sys_user_group_oper_auth` VALUES ('111', '040303', '1617');
INSERT INTO `sys_user_group_oper_auth` VALUES ('111', '040103', '1618');
INSERT INTO `sys_user_group_oper_auth` VALUES ('111', '021302', '1619');
INSERT INTO `sys_user_group_oper_auth` VALUES ('111', '0209', '1620');
INSERT INTO `sys_user_group_oper_auth` VALUES ('111', '060504', '1621');
INSERT INTO `sys_user_group_oper_auth` VALUES ('111', '060404', '1622');
INSERT INTO `sys_user_group_oper_auth` VALUES ('111', '060106', '1623');
INSERT INTO `sys_user_group_oper_auth` VALUES ('111', '060206', '1624');
INSERT INTO `sys_user_group_oper_auth` VALUES ('111', '0210', '1626');
INSERT INTO `sys_user_group_oper_auth` VALUES ('111', '021001', '1627');
INSERT INTO `sys_user_group_oper_auth` VALUES ('111', '021002', '1628');
INSERT INTO `sys_user_group_oper_auth` VALUES ('111', '030105', '1629');
INSERT INTO `sys_user_group_oper_auth` VALUES ('111', '030307', '1630');
INSERT INTO `sys_user_group_oper_auth` VALUES ('1101', '01', '1631');
INSERT INTO `sys_user_group_oper_auth` VALUES ('1101', '0101', '1632');
INSERT INTO `sys_user_group_oper_auth` VALUES ('1101', '0102', '1633');
INSERT INTO `sys_user_group_oper_auth` VALUES ('1101', '0103', '1634');
INSERT INTO `sys_user_group_oper_auth` VALUES ('1101', '0104', '1635');
INSERT INTO `sys_user_group_oper_auth` VALUES ('1101', '02', '1636');
INSERT INTO `sys_user_group_oper_auth` VALUES ('1101', '0201', '1637');
INSERT INTO `sys_user_group_oper_auth` VALUES ('1101', '0202', '1638');
INSERT INTO `sys_user_group_oper_auth` VALUES ('1101', '0203', '1639');
INSERT INTO `sys_user_group_oper_auth` VALUES ('1101', '0204', '1640');
INSERT INTO `sys_user_group_oper_auth` VALUES ('1101', '0205', '1641');
INSERT INTO `sys_user_group_oper_auth` VALUES ('1101', '0206', '1642');
INSERT INTO `sys_user_group_oper_auth` VALUES ('1101', '0209', '1645');
INSERT INTO `sys_user_group_oper_auth` VALUES ('1101', '0210', '1646');
INSERT INTO `sys_user_group_oper_auth` VALUES ('1101', '03', '1647');
INSERT INTO `sys_user_group_oper_auth` VALUES ('1101', '0301', '1648');
INSERT INTO `sys_user_group_oper_auth` VALUES ('1101', '0302', '1649');
INSERT INTO `sys_user_group_oper_auth` VALUES ('1101', '0303', '1650');
INSERT INTO `sys_user_group_oper_auth` VALUES ('1101', '04', '1651');
INSERT INTO `sys_user_group_oper_auth` VALUES ('1101', '0401', '1652');
INSERT INTO `sys_user_group_oper_auth` VALUES ('1101', '0402', '1653');
INSERT INTO `sys_user_group_oper_auth` VALUES ('1101', '0403', '1654');
INSERT INTO `sys_user_group_oper_auth` VALUES ('1101', '0404', '1655');
INSERT INTO `sys_user_group_oper_auth` VALUES ('1101', '0405', '1656');
INSERT INTO `sys_user_group_oper_auth` VALUES ('1101', '0406', '1657');
INSERT INTO `sys_user_group_oper_auth` VALUES ('1101', '05', '1658');
INSERT INTO `sys_user_group_oper_auth` VALUES ('1101', '0501', '1659');
INSERT INTO `sys_user_group_oper_auth` VALUES ('1101', '0502', '1660');
INSERT INTO `sys_user_group_oper_auth` VALUES ('1101', '0504', '1662');
INSERT INTO `sys_user_group_oper_auth` VALUES ('1101', '06', '1664');
INSERT INTO `sys_user_group_oper_auth` VALUES ('1101', '0601', '1665');
INSERT INTO `sys_user_group_oper_auth` VALUES ('1101', '0602', '1666');
INSERT INTO `sys_user_group_oper_auth` VALUES ('1101', '0603', '1667');
INSERT INTO `sys_user_group_oper_auth` VALUES ('1101', '0604', '1668');
INSERT INTO `sys_user_group_oper_auth` VALUES ('1101', '0605', '1669');
INSERT INTO `sys_user_group_oper_auth` VALUES ('1101', '0606', '1670');
INSERT INTO `sys_user_group_oper_auth` VALUES ('1101', '0607', '1671');
INSERT INTO `sys_user_group_oper_auth` VALUES ('1101', '0608', '1672');
INSERT INTO `sys_user_group_oper_auth` VALUES ('1101', '07', '1673');
INSERT INTO `sys_user_group_oper_auth` VALUES ('1101', '0701', '1674');
INSERT INTO `sys_user_group_oper_auth` VALUES ('1101', '0702', '1675');
INSERT INTO `sys_user_group_oper_auth` VALUES ('1101', '08', '1676');
INSERT INTO `sys_user_group_oper_auth` VALUES ('1101', '0801', '1677');
INSERT INTO `sys_user_group_oper_auth` VALUES ('1101', '0802', '1678');
INSERT INTO `sys_user_group_oper_auth` VALUES ('1101', '0803', '1679');
INSERT INTO `sys_user_group_oper_auth` VALUES ('1101', '0804', '1680');
INSERT INTO `sys_user_group_oper_auth` VALUES ('1', '080305', '1681');
INSERT INTO `sys_user_group_oper_auth` VALUES ('111', '080305', '1682');
INSERT INTO `sys_user_group_oper_auth` VALUES ('112', '080305', '1683');
INSERT INTO `sys_user_group_oper_auth` VALUES ('114', '080305', '1685');
INSERT INTO `sys_user_group_oper_auth` VALUES ('117', '080305', '1688');
INSERT INTO `sys_user_group_oper_auth` VALUES ('118', '080305', '1689');
INSERT INTO `sys_user_group_oper_auth` VALUES ('1', '0805', '1690');
INSERT INTO `sys_user_group_oper_auth` VALUES ('1', '080501', '1691');
INSERT INTO `sys_user_group_oper_auth` VALUES ('121', '0805', '1692');
INSERT INTO `sys_user_group_oper_auth` VALUES ('121', '080501', '1693');
INSERT INTO `sys_user_group_oper_auth` VALUES ('111', '0805', '1694');
INSERT INTO `sys_user_group_oper_auth` VALUES ('111', '080501', '1695');
INSERT INTO `sys_user_group_oper_auth` VALUES ('1', '0902', '1696');
INSERT INTO `sys_user_group_oper_auth` VALUES ('1', '0901', '1697');
INSERT INTO `sys_user_group_oper_auth` VALUES ('1', '090101', '1698');
INSERT INTO `sys_user_group_oper_auth` VALUES ('1', '090102', '1699');
INSERT INTO `sys_user_group_oper_auth` VALUES ('1', '0903', '1700');
INSERT INTO `sys_user_group_oper_auth` VALUES ('111', '0902', '1701');
INSERT INTO `sys_user_group_oper_auth` VALUES ('112', '0902', '1702');
INSERT INTO `sys_user_group_oper_auth` VALUES ('113', '0902', '1703');
INSERT INTO `sys_user_group_oper_auth` VALUES ('114', '0902', '1704');
INSERT INTO `sys_user_group_oper_auth` VALUES ('117', '0902', '1707');
INSERT INTO `sys_user_group_oper_auth` VALUES ('118', '0902', '1708');
INSERT INTO `sys_user_group_oper_auth` VALUES ('1101', '0902', '1709');
INSERT INTO `sys_user_group_oper_auth` VALUES ('121', '0901', '1710');
INSERT INTO `sys_user_group_oper_auth` VALUES ('121', '090101', '1711');
INSERT INTO `sys_user_group_oper_auth` VALUES ('121', '090102', '1712');
INSERT INTO `sys_user_group_oper_auth` VALUES ('111', '0901', '1713');
INSERT INTO `sys_user_group_oper_auth` VALUES ('111', '090101', '1714');
INSERT INTO `sys_user_group_oper_auth` VALUES ('111', '0903', '1716');
INSERT INTO `sys_user_group_oper_auth` VALUES ('112', '0901', '1717');
INSERT INTO `sys_user_group_oper_auth` VALUES ('114', '0901', '1719');
INSERT INTO `sys_user_group_oper_auth` VALUES ('117', '0901', '1722');
INSERT INTO `sys_user_group_oper_auth` VALUES ('118', '0901', '1723');
INSERT INTO `sys_user_group_oper_auth` VALUES ('1101', '0901', '1724');
INSERT INTO `sys_user_group_oper_auth` VALUES ('121', '0210', '1725');
INSERT INTO `sys_user_group_oper_auth` VALUES ('1', '0211', '1726');
INSERT INTO `sys_user_group_oper_auth` VALUES ('1', '021101', '1727');
INSERT INTO `sys_user_group_oper_auth` VALUES ('1', '021103', '1728');
INSERT INTO `sys_user_group_oper_auth` VALUES ('1', '0212', '1729');
INSERT INTO `sys_user_group_oper_auth` VALUES ('111', '0211', '1730');
INSERT INTO `sys_user_group_oper_auth` VALUES ('111', '021101', '1731');
INSERT INTO `sys_user_group_oper_auth` VALUES ('111', '021103', '1732');
INSERT INTO `sys_user_group_oper_auth` VALUES ('111', '0212', '1733');
INSERT INTO `sys_user_group_oper_auth` VALUES ('121', '0211', '1734');
INSERT INTO `sys_user_group_oper_auth` VALUES ('121', '021101', '1735');
INSERT INTO `sys_user_group_oper_auth` VALUES ('121', '021103', '1736');
INSERT INTO `sys_user_group_oper_auth` VALUES ('119', '0211', '1737');
INSERT INTO `sys_user_group_oper_auth` VALUES ('123', '0211', '1738');
INSERT INTO `sys_user_group_oper_auth` VALUES ('123', '021101', '1739');
INSERT INTO `sys_user_group_oper_auth` VALUES ('123', '021103', '1740');
INSERT INTO `sys_user_group_oper_auth` VALUES ('1101', '0211', '1741');
INSERT INTO `sys_user_group_oper_auth` VALUES ('1101', '0212', '1742');
INSERT INTO `sys_user_group_oper_auth` VALUES ('121', '0104', '1743');
INSERT INTO `sys_user_group_oper_auth` VALUES ('113', '02', '1744');
INSERT INTO `sys_user_group_oper_auth` VALUES ('113', '0201', '1745');
INSERT INTO `sys_user_group_oper_auth` VALUES ('113', '020101', '1746');
INSERT INTO `sys_user_group_oper_auth` VALUES ('113', '020102', '1747');
INSERT INTO `sys_user_group_oper_auth` VALUES ('113', '020103', '1748');
INSERT INTO `sys_user_group_oper_auth` VALUES ('113', '020104', '1749');
INSERT INTO `sys_user_group_oper_auth` VALUES ('113', '0202', '1750');
INSERT INTO `sys_user_group_oper_auth` VALUES ('113', '0203', '1751');
INSERT INTO `sys_user_group_oper_auth` VALUES ('113', '021301', '1752');
INSERT INTO `sys_user_group_oper_auth` VALUES ('113', '021303', '1754');
INSERT INTO `sys_user_group_oper_auth` VALUES ('113', '021304', '1755');
INSERT INTO `sys_user_group_oper_auth` VALUES ('113', '0209', '1772');
INSERT INTO `sys_user_group_oper_auth` VALUES ('113', '0210', '1773');
INSERT INTO `sys_user_group_oper_auth` VALUES ('113', '021001', '1774');
INSERT INTO `sys_user_group_oper_auth` VALUES ('113', '021002', '1775');
INSERT INTO `sys_user_group_oper_auth` VALUES ('113', '0211', '1776');
INSERT INTO `sys_user_group_oper_auth` VALUES ('113', '021101', '1777');
INSERT INTO `sys_user_group_oper_auth` VALUES ('113', '021103', '1778');
INSERT INTO `sys_user_group_oper_auth` VALUES ('113', '0212', '1779');
INSERT INTO `sys_user_group_oper_auth` VALUES ('113', '05', '1780');
INSERT INTO `sys_user_group_oper_auth` VALUES ('113', '0501', '1781');
INSERT INTO `sys_user_group_oper_auth` VALUES ('113', '050101', '1782');
INSERT INTO `sys_user_group_oper_auth` VALUES ('113', '050102', '1783');
INSERT INTO `sys_user_group_oper_auth` VALUES ('113', '0502', '1784');
INSERT INTO `sys_user_group_oper_auth` VALUES ('113', '050201', '1785');
INSERT INTO `sys_user_group_oper_auth` VALUES ('113', '0504', '1789');
INSERT INTO `sys_user_group_oper_auth` VALUES ('113', '050401', '1790');
INSERT INTO `sys_user_group_oper_auth` VALUES ('113', '06', '1793');
INSERT INTO `sys_user_group_oper_auth` VALUES ('113', '0601', '1794');
INSERT INTO `sys_user_group_oper_auth` VALUES ('113', '060101', '1795');
INSERT INTO `sys_user_group_oper_auth` VALUES ('113', '060103', '1797');
INSERT INTO `sys_user_group_oper_auth` VALUES ('113', '060104', '1798');
INSERT INTO `sys_user_group_oper_auth` VALUES ('113', '060105', '1799');
INSERT INTO `sys_user_group_oper_auth` VALUES ('113', '060106', '1800');
INSERT INTO `sys_user_group_oper_auth` VALUES ('113', '0602', '1801');
INSERT INTO `sys_user_group_oper_auth` VALUES ('113', '060201', '1802');
INSERT INTO `sys_user_group_oper_auth` VALUES ('113', '060203', '1804');
INSERT INTO `sys_user_group_oper_auth` VALUES ('113', '060204', '1805');
INSERT INTO `sys_user_group_oper_auth` VALUES ('113', '060205', '1806');
INSERT INTO `sys_user_group_oper_auth` VALUES ('113', '060206', '1807');
INSERT INTO `sys_user_group_oper_auth` VALUES ('113', '0603', '1808');
INSERT INTO `sys_user_group_oper_auth` VALUES ('113', '060301', '1809');
INSERT INTO `sys_user_group_oper_auth` VALUES ('113', '060302', '1810');
INSERT INTO `sys_user_group_oper_auth` VALUES ('113', '060303', '1811');
INSERT INTO `sys_user_group_oper_auth` VALUES ('113', '060304', '1812');
INSERT INTO `sys_user_group_oper_auth` VALUES ('113', '060305', '1813');
INSERT INTO `sys_user_group_oper_auth` VALUES ('113', '060306', '1814');
INSERT INTO `sys_user_group_oper_auth` VALUES ('113', '0604', '1815');
INSERT INTO `sys_user_group_oper_auth` VALUES ('113', '060401', '1816');
INSERT INTO `sys_user_group_oper_auth` VALUES ('113', '060402', '1817');
INSERT INTO `sys_user_group_oper_auth` VALUES ('113', '060403', '1818');
INSERT INTO `sys_user_group_oper_auth` VALUES ('113', '060404', '1819');
INSERT INTO `sys_user_group_oper_auth` VALUES ('113', '0605', '1820');
INSERT INTO `sys_user_group_oper_auth` VALUES ('113', '060501', '1821');
INSERT INTO `sys_user_group_oper_auth` VALUES ('113', '060502', '1822');
INSERT INTO `sys_user_group_oper_auth` VALUES ('113', '060503', '1823');
INSERT INTO `sys_user_group_oper_auth` VALUES ('113', '060504', '1824');
INSERT INTO `sys_user_group_oper_auth` VALUES ('113', '0606', '1825');
INSERT INTO `sys_user_group_oper_auth` VALUES ('113', '060601', '1826');
INSERT INTO `sys_user_group_oper_auth` VALUES ('113', '060602', '1827');
INSERT INTO `sys_user_group_oper_auth` VALUES ('113', '060603', '1828');
INSERT INTO `sys_user_group_oper_auth` VALUES ('113', '07', '1834');
INSERT INTO `sys_user_group_oper_auth` VALUES ('113', '0701', '1835');
INSERT INTO `sys_user_group_oper_auth` VALUES ('113', '070101', '1836');
INSERT INTO `sys_user_group_oper_auth` VALUES ('113', '070102', '1837');
INSERT INTO `sys_user_group_oper_auth` VALUES ('113', '070103', '1838');
INSERT INTO `sys_user_group_oper_auth` VALUES ('113', '070104', '1839');
INSERT INTO `sys_user_group_oper_auth` VALUES ('113', '070105', '1840');
INSERT INTO `sys_user_group_oper_auth` VALUES ('113', '0702', '1841');
INSERT INTO `sys_user_group_oper_auth` VALUES ('113', '08', '1842');
INSERT INTO `sys_user_group_oper_auth` VALUES ('113', '0801', '1843');
INSERT INTO `sys_user_group_oper_auth` VALUES ('113', '0802', '1844');
INSERT INTO `sys_user_group_oper_auth` VALUES ('113', '0803', '1845');
INSERT INTO `sys_user_group_oper_auth` VALUES ('113', '080301', '1846');
INSERT INTO `sys_user_group_oper_auth` VALUES ('113', '080302', '1847');
INSERT INTO `sys_user_group_oper_auth` VALUES ('113', '080303', '1848');
INSERT INTO `sys_user_group_oper_auth` VALUES ('113', '080304', '1849');
INSERT INTO `sys_user_group_oper_auth` VALUES ('113', '080305', '1850');
INSERT INTO `sys_user_group_oper_auth` VALUES ('113', '0804', '1851');
INSERT INTO `sys_user_group_oper_auth` VALUES ('113', '0805', '1852');
INSERT INTO `sys_user_group_oper_auth` VALUES ('113', '080501', '1853');
INSERT INTO `sys_user_group_oper_auth` VALUES ('113', '01', '1854');
INSERT INTO `sys_user_group_oper_auth` VALUES ('123', '0805', '1857');
INSERT INTO `sys_user_group_oper_auth` VALUES ('123', '080501', '1858');
INSERT INTO `sys_user_group_oper_auth` VALUES ('111', '0503', '1859');
INSERT INTO `sys_user_group_oper_auth` VALUES ('1', '0503', '1862');
INSERT INTO `sys_user_group_oper_auth` VALUES ('124', '04', '1865');
INSERT INTO `sys_user_group_oper_auth` VALUES ('124', '0406', '1866');
INSERT INTO `sys_user_group_oper_auth` VALUES ('124', '040601', '1867');
INSERT INTO `sys_user_group_oper_auth` VALUES ('124', '040602', '1868');
INSERT INTO `sys_user_group_oper_auth` VALUES ('124', '0402', '1869');
INSERT INTO `sys_user_group_oper_auth` VALUES ('124', '040201', '1870');
INSERT INTO `sys_user_group_oper_auth` VALUES ('124', '040202', '1871');
INSERT INTO `sys_user_group_oper_auth` VALUES ('124', '02', '1872');
INSERT INTO `sys_user_group_oper_auth` VALUES ('124', '0202', '1873');
INSERT INTO `sys_user_group_oper_auth` VALUES ('115', '09', '1874');
INSERT INTO `sys_user_group_oper_auth` VALUES ('115', '0903', '1875');
INSERT INTO `sys_user_group_oper_auth` VALUES ('115', '090302', '1876');
INSERT INTO `sys_user_group_oper_auth` VALUES ('1', '09', '1877');
INSERT INTO `sys_user_group_oper_auth` VALUES ('1', '090301', '1878');
INSERT INTO `sys_user_group_oper_auth` VALUES ('1', '090302', '1879');
INSERT INTO `sys_user_group_oper_auth` VALUES ('1101', '09', '1880');
INSERT INTO `sys_user_group_oper_auth` VALUES ('111', '09', '1881');
INSERT INTO `sys_user_group_oper_auth` VALUES ('112', '09', '1882');
INSERT INTO `sys_user_group_oper_auth` VALUES ('113', '09', '1883');
INSERT INTO `sys_user_group_oper_auth` VALUES ('114', '09', '1884');
INSERT INTO `sys_user_group_oper_auth` VALUES ('117', '09', '1886');
INSERT INTO `sys_user_group_oper_auth` VALUES ('118', '09', '1887');
INSERT INTO `sys_user_group_oper_auth` VALUES ('111', '090301', '1888');
INSERT INTO `sys_user_group_oper_auth` VALUES ('111', '090302', '1889');
INSERT INTO `sys_user_group_oper_auth` VALUES ('121', '09', '1890');
INSERT INTO `sys_user_group_oper_auth` VALUES ('131', '09', '1891');
INSERT INTO `sys_user_group_oper_auth` VALUES ('131', '0901', '1892');
INSERT INTO `sys_user_group_oper_auth` VALUES ('131', '090101', '1893');
INSERT INTO `sys_user_group_oper_auth` VALUES ('131', '090102', '1894');
INSERT INTO `sys_user_group_oper_auth` VALUES ('119', '09', '1895');
INSERT INTO `sys_user_group_oper_auth` VALUES ('119', '0901', '1896');
INSERT INTO `sys_user_group_oper_auth` VALUES ('119', '0902', '1897');
INSERT INTO `sys_user_group_oper_auth` VALUES ('121', '0902', '1898');
INSERT INTO `sys_user_group_oper_auth` VALUES ('121', '0201', '1899');
INSERT INTO `sys_user_group_oper_auth` VALUES ('123', '0201', '1900');
INSERT INTO `sys_user_group_oper_auth` VALUES ('115', '0902', '1901');
INSERT INTO `sys_user_group_oper_auth` VALUES ('123', '0210', '1903');
INSERT INTO `sys_user_group_oper_auth` VALUES ('111', '080306', '1904');
INSERT INTO `sys_user_group_oper_auth` VALUES ('121', '080502', '1906');
INSERT INTO `sys_user_group_oper_auth` VALUES ('123', '080502', '1907');
INSERT INTO `sys_user_group_oper_auth` VALUES ('113', '021302', '1910');
INSERT INTO `sys_user_group_oper_auth` VALUES ('118', '021302', '1911');
INSERT INTO `sys_user_group_oper_auth` VALUES ('1', '0213', '1914');
INSERT INTO `sys_user_group_oper_auth` VALUES ('111', '0213', '1915');
INSERT INTO `sys_user_group_oper_auth` VALUES ('111', '040603', '1916');
INSERT INTO `sys_user_group_oper_auth` VALUES ('1', '021306', '1917');
INSERT INTO `sys_user_group_oper_auth` VALUES ('111', '021306', '1918');
INSERT INTO `sys_user_group_oper_auth` VALUES ('1', '040603', '1919');
INSERT INTO `sys_user_group_oper_auth` VALUES ('121', '040603', '1921');
INSERT INTO `sys_user_group_oper_auth` VALUES ('131', '040603', '1922');
INSERT INTO `sys_user_group_oper_auth` VALUES ('121', '080305', '1923');
INSERT INTO `sys_user_group_oper_auth` VALUES ('123', '080305', '1924');
INSERT INTO `sys_user_group_oper_auth` VALUES ('111', '0703', '1925');
INSERT INTO `sys_user_group_oper_auth` VALUES ('123', '09', '1926');
INSERT INTO `sys_user_group_oper_auth` VALUES ('123', '0901', '1927');
INSERT INTO `sys_user_group_oper_auth` VALUES ('123', '0902', '1928');
INSERT INTO `sys_user_group_oper_auth` VALUES ('111', '040604', '1929');
INSERT INTO `sys_user_group_oper_auth` VALUES ('121', '040604', '1930');
INSERT INTO `sys_user_group_oper_auth` VALUES ('122', '040604', '1931');
INSERT INTO `sys_user_group_oper_auth` VALUES ('123', '040604', '1932');
INSERT INTO `sys_user_group_oper_auth` VALUES ('125', '040604', '1933');
INSERT INTO `sys_user_group_oper_auth` VALUES ('131', '040604', '1934');
INSERT INTO `sys_user_group_oper_auth` VALUES ('132', '040604', '1935');
INSERT INTO `sys_user_group_oper_auth` VALUES ('133', '040604', '1936');
INSERT INTO `sys_user_group_oper_auth` VALUES ('124', '040604', '1937');
INSERT INTO `sys_user_group_oper_auth` VALUES ('1101', '0213', '1938');
INSERT INTO `sys_user_group_oper_auth` VALUES ('1101', '0703', '1939');
INSERT INTO `sys_user_group_oper_auth` VALUES ('1101', '040601', '1940');
INSERT INTO `sys_user_group_oper_auth` VALUES ('1101', '040602', '1941');
INSERT INTO `sys_user_group_oper_auth` VALUES ('1', '021102', '1942');
INSERT INTO `sys_user_group_oper_auth` VALUES ('111', '021102', '1943');
INSERT INTO `sys_user_group_oper_auth` VALUES ('121', '021102', '1944');
INSERT INTO `sys_user_group_oper_auth` VALUES ('123', '021102', '1945');
INSERT INTO `sys_user_group_oper_auth` VALUES ('113', '021102', '1946');
INSERT INTO `sys_user_group_oper_auth` VALUES ('122', '04', '1947');
INSERT INTO `sys_user_group_oper_auth` VALUES ('122', '0406', '1948');
INSERT INTO `sys_user_group_oper_auth` VALUES ('122', '040601', '1949');
INSERT INTO `sys_user_group_oper_auth` VALUES ('122', '040602', '1950');
INSERT INTO `sys_user_group_oper_auth` VALUES ('132', '04', '1952');
INSERT INTO `sys_user_group_oper_auth` VALUES ('132', '0406', '1953');
INSERT INTO `sys_user_group_oper_auth` VALUES ('132', '040601', '1954');
INSERT INTO `sys_user_group_oper_auth` VALUES ('132', '040602', '1955');
INSERT INTO `sys_user_group_oper_auth` VALUES ('132', '040604', '1956');
INSERT INTO `sys_user_group_oper_auth` VALUES ('1', '0407', '1957');
INSERT INTO `sys_user_group_oper_auth` VALUES ('122', '0407', '1958');
INSERT INTO `sys_user_group_oper_auth` VALUES ('131', '0407', '1959');
INSERT INTO `sys_user_group_oper_auth` VALUES ('133', '0407', '1961');
INSERT INTO `sys_user_group_oper_auth` VALUES ('132', '0407', '1962');
INSERT INTO `sys_user_group_oper_auth` VALUES ('125', '0407', '1963');
INSERT INTO `sys_user_group_oper_auth` VALUES ('123', '0407', '1964');
INSERT INTO `sys_user_group_oper_auth` VALUES ('121', '0407', '1965');
INSERT INTO `sys_user_group_oper_auth` VALUES ('114', '0407', '1966');
INSERT INTO `sys_user_group_oper_auth` VALUES ('117', '0407', '1968');
INSERT INTO `sys_user_group_oper_auth` VALUES ('118', '0407', '1969');
INSERT INTO `sys_user_group_oper_auth` VALUES ('119', '0407', '1970');
INSERT INTO `sys_user_group_oper_auth` VALUES ('112', '0407', '1971');
INSERT INTO `sys_user_group_oper_auth` VALUES ('111', '0407', '1972');
INSERT INTO `sys_user_group_oper_auth` VALUES ('1101', '0407', '1973');
INSERT INTO `sys_user_group_oper_auth` VALUES ('113', '0407', '1974');
INSERT INTO `sys_user_group_oper_auth` VALUES ('124', '0407', '1975');
INSERT INTO `sys_user_group_oper_auth` VALUES ('115', '0407', '1976');
INSERT INTO `sys_user_group_oper_auth` VALUES ('111', '080502', '1977');
INSERT INTO `sys_user_group_oper_auth` VALUES ('1', '080502', '1978');
INSERT INTO `sys_user_group_oper_auth` VALUES ('115', '01', '1979');
INSERT INTO `sys_user_group_oper_auth` VALUES ('115', '0101', '1980');
INSERT INTO `sys_user_group_oper_auth` VALUES ('115', '0102', '1981');
INSERT INTO `sys_user_group_oper_auth` VALUES ('115', '0103', '1982');
INSERT INTO `sys_user_group_oper_auth` VALUES ('115', '0104', '1983');
INSERT INTO `sys_user_group_oper_auth` VALUES ('115', '02', '1984');
INSERT INTO `sys_user_group_oper_auth` VALUES ('115', '0201', '1985');
INSERT INTO `sys_user_group_oper_auth` VALUES ('115', '0202', '1986');
INSERT INTO `sys_user_group_oper_auth` VALUES ('115', '0203', '1987');
INSERT INTO `sys_user_group_oper_auth` VALUES ('115', '0204', '1988');
INSERT INTO `sys_user_group_oper_auth` VALUES ('115', '0205', '1989');
INSERT INTO `sys_user_group_oper_auth` VALUES ('115', '0206', '1990');
INSERT INTO `sys_user_group_oper_auth` VALUES ('115', '0209', '1992');
INSERT INTO `sys_user_group_oper_auth` VALUES ('115', '0210', '1993');
INSERT INTO `sys_user_group_oper_auth` VALUES ('115', '03', '1994');
INSERT INTO `sys_user_group_oper_auth` VALUES ('115', '0301', '1995');
INSERT INTO `sys_user_group_oper_auth` VALUES ('115', '0302', '1996');
INSERT INTO `sys_user_group_oper_auth` VALUES ('115', '0303', '1997');
INSERT INTO `sys_user_group_oper_auth` VALUES ('115', '04', '1998');
INSERT INTO `sys_user_group_oper_auth` VALUES ('115', '0401', '1999');
INSERT INTO `sys_user_group_oper_auth` VALUES ('115', '0402', '2000');
INSERT INTO `sys_user_group_oper_auth` VALUES ('115', '0403', '2001');
INSERT INTO `sys_user_group_oper_auth` VALUES ('115', '0404', '2002');
INSERT INTO `sys_user_group_oper_auth` VALUES ('115', '0405', '2003');
INSERT INTO `sys_user_group_oper_auth` VALUES ('115', '0406', '2004');
INSERT INTO `sys_user_group_oper_auth` VALUES ('115', '05', '2005');
INSERT INTO `sys_user_group_oper_auth` VALUES ('115', '0501', '2006');
INSERT INTO `sys_user_group_oper_auth` VALUES ('115', '0502', '2007');
INSERT INTO `sys_user_group_oper_auth` VALUES ('115', '0504', '2008');
INSERT INTO `sys_user_group_oper_auth` VALUES ('115', '06', '2009');
INSERT INTO `sys_user_group_oper_auth` VALUES ('115', '0601', '2010');
INSERT INTO `sys_user_group_oper_auth` VALUES ('115', '0602', '2011');
INSERT INTO `sys_user_group_oper_auth` VALUES ('115', '0603', '2012');
INSERT INTO `sys_user_group_oper_auth` VALUES ('115', '0604', '2013');
INSERT INTO `sys_user_group_oper_auth` VALUES ('115', '0605', '2014');
INSERT INTO `sys_user_group_oper_auth` VALUES ('115', '0606', '2015');
INSERT INTO `sys_user_group_oper_auth` VALUES ('115', '0607', '2016');
INSERT INTO `sys_user_group_oper_auth` VALUES ('115', '0608', '2017');
INSERT INTO `sys_user_group_oper_auth` VALUES ('115', '07', '2018');
INSERT INTO `sys_user_group_oper_auth` VALUES ('115', '0701', '2019');
INSERT INTO `sys_user_group_oper_auth` VALUES ('115', '0702', '2020');
INSERT INTO `sys_user_group_oper_auth` VALUES ('115', '08', '2021');
INSERT INTO `sys_user_group_oper_auth` VALUES ('115', '0801', '2022');
INSERT INTO `sys_user_group_oper_auth` VALUES ('115', '0802', '2023');
INSERT INTO `sys_user_group_oper_auth` VALUES ('115', '0803', '2024');
INSERT INTO `sys_user_group_oper_auth` VALUES ('115', '0804', '2025');
INSERT INTO `sys_user_group_oper_auth` VALUES ('115', '0901', '2027');
INSERT INTO `sys_user_group_oper_auth` VALUES ('115', '0211', '2028');
INSERT INTO `sys_user_group_oper_auth` VALUES ('115', '0212', '2029');
INSERT INTO `sys_user_group_oper_auth` VALUES ('115', '09', '2030');
INSERT INTO `sys_user_group_oper_auth` VALUES ('115', '0213', '2031');
INSERT INTO `sys_user_group_oper_auth` VALUES ('115', '0703', '2032');
INSERT INTO `sys_user_group_oper_auth` VALUES ('115', '040601', '2033');
INSERT INTO `sys_user_group_oper_auth` VALUES ('115', '040602', '2034');
INSERT INTO `sys_user_group_oper_auth` VALUES ('115', '0407', '2035');
INSERT INTO `sys_user_group_oper_auth` VALUES ('1101', '010301', '2042');
INSERT INTO `sys_user_group_oper_auth` VALUES ('1101', '010302', '2043');
INSERT INTO `sys_user_group_oper_auth` VALUES ('1101', '010303', '2044');
INSERT INTO `sys_user_group_oper_auth` VALUES ('111', '0214', '2047');
INSERT INTO `sys_user_group_oper_auth` VALUES ('111', '0216', '2048');
INSERT INTO `sys_user_group_oper_auth` VALUES ('111', '021401', '2049');
INSERT INTO `sys_user_group_oper_auth` VALUES ('111', '021601', '2050');
INSERT INTO `sys_user_group_oper_auth` VALUES ('121', '07', '2051');
INSERT INTO `sys_user_group_oper_auth` VALUES ('121', '0703', '2052');
INSERT INTO `sys_user_group_oper_auth` VALUES ('123', '07', '2053');
INSERT INTO `sys_user_group_oper_auth` VALUES ('123', '0703', '2054');
INSERT INTO `sys_user_group_oper_auth` VALUES ('111', '10', '2055');
INSERT INTO `sys_user_group_oper_auth` VALUES ('111', '1001', '2056');
INSERT INTO `sys_user_group_oper_auth` VALUES ('121', '040605', '2060');
INSERT INTO `sys_user_group_oper_auth` VALUES ('125', '040605', '2061');
INSERT INTO `sys_user_group_oper_auth` VALUES ('131', '040605', '2062');
INSERT INTO `sys_user_group_oper_auth` VALUES ('133', '040605', '2063');
INSERT INTO `sys_user_group_oper_auth` VALUES ('111', '0904', '2064');
INSERT INTO `sys_user_group_oper_auth` VALUES ('111', '090401', '2065');
INSERT INTO `sys_user_group_oper_auth` VALUES ('111', '090402', '2066');
INSERT INTO `sys_user_group_oper_auth` VALUES ('111', '0905', '2067');
INSERT INTO `sys_user_group_oper_auth` VALUES ('111', '090501', '2068');
INSERT INTO `sys_user_group_oper_auth` VALUES ('111', '090502', '2069');
INSERT INTO `sys_user_group_oper_auth` VALUES ('111', '090503', '2070');
INSERT INTO `sys_user_group_oper_auth` VALUES ('111', '0906', '2071');
INSERT INTO `sys_user_group_oper_auth` VALUES ('111', '090601', '2072');
INSERT INTO `sys_user_group_oper_auth` VALUES ('111', '090603', '2073');
INSERT INTO `sys_user_group_oper_auth` VALUES ('1101', '0904', '2074');
INSERT INTO `sys_user_group_oper_auth` VALUES ('1101', '0905', '2075');
INSERT INTO `sys_user_group_oper_auth` VALUES ('1101', '0906', '2076');
INSERT INTO `sys_user_group_oper_auth` VALUES ('111', '1002', '2079');
INSERT INTO `sys_user_group_oper_auth` VALUES ('111', '1003', '2080');
INSERT INTO `sys_user_group_oper_auth` VALUES ('111', '1004', '2081');
INSERT INTO `sys_user_group_oper_auth` VALUES ('111', '1005', '2082');
INSERT INTO `sys_user_group_oper_auth` VALUES ('111', '1006', '2083');
INSERT INTO `sys_user_group_oper_auth` VALUES ('1101', '10', '2084');
INSERT INTO `sys_user_group_oper_auth` VALUES ('1101', '1001', '2085');
INSERT INTO `sys_user_group_oper_auth` VALUES ('1101', '1002', '2086');
INSERT INTO `sys_user_group_oper_auth` VALUES ('1101', '1003', '2087');
INSERT INTO `sys_user_group_oper_auth` VALUES ('1101', '1004', '2088');
INSERT INTO `sys_user_group_oper_auth` VALUES ('1101', '1005', '2089');
INSERT INTO `sys_user_group_oper_auth` VALUES ('1101', '1006', '2090');
INSERT INTO `sys_user_group_oper_auth` VALUES ('111', '1008', '2091');
INSERT INTO `sys_user_group_oper_auth` VALUES ('', null, '2092');
INSERT INTO `sys_user_group_oper_auth` VALUES ('121', '040606', '2093');
INSERT INTO `sys_user_group_oper_auth` VALUES ('125', '040606', '2094');
INSERT INTO `sys_user_group_oper_auth` VALUES ('131', '040606', '2095');
INSERT INTO `sys_user_group_oper_auth` VALUES ('133', '040606', '2096');
INSERT INTO `sys_user_group_oper_auth` VALUES ('122', '0402', '2097');
INSERT INTO `sys_user_group_oper_auth` VALUES ('122', '040201', '2098');
INSERT INTO `sys_user_group_oper_auth` VALUES ('122', '040202', '2099');
INSERT INTO `sys_user_group_oper_auth` VALUES ('122', '040607', '2100');
INSERT INTO `sys_user_group_oper_auth` VALUES ('111', '020105', '2101');
INSERT INTO `sys_user_group_oper_auth` VALUES ('131', '0805', '2102');
INSERT INTO `sys_user_group_oper_auth` VALUES ('131', '08', '2103');
INSERT INTO `sys_user_group_oper_auth` VALUES ('131', '080501', '2104');
INSERT INTO `sys_user_group_oper_auth` VALUES ('131', '080502', '2105');
INSERT INTO `sys_user_group_oper_auth` VALUES ('111', '0105', '2106');
INSERT INTO `sys_user_group_oper_auth` VALUES ('111', '0106', '2107');
INSERT INTO `sys_user_group_oper_auth` VALUES ('111', '010501', '2108');
INSERT INTO `sys_user_group_oper_auth` VALUES ('111', '010502', '2109');
INSERT INTO `sys_user_group_oper_auth` VALUES ('111', '010503', '2110');
INSERT INTO `sys_user_group_oper_auth` VALUES ('111', '010504', '2111');
INSERT INTO `sys_user_group_oper_auth` VALUES ('1101', '0105', '2112');
INSERT INTO `sys_user_group_oper_auth` VALUES ('1101', '0106', '2113');
INSERT INTO `sys_user_group_oper_auth` VALUES ('1101', '010501', '2114');
INSERT INTO `sys_user_group_oper_auth` VALUES ('1101', '010502', '2115');
INSERT INTO `sys_user_group_oper_auth` VALUES ('1101', '010503', '2116');
INSERT INTO `sys_user_group_oper_auth` VALUES ('1101', '010504', '2117');
INSERT INTO `sys_user_group_oper_auth` VALUES ('111', '0408', '2118');
INSERT INTO `sys_user_group_oper_auth` VALUES ('111', '040801', '2119');
INSERT INTO `sys_user_group_oper_auth` VALUES ('111', '040802', '2120');
INSERT INTO `sys_user_group_oper_auth` VALUES ('111', '040803', '2121');
INSERT INTO `sys_user_group_oper_auth` VALUES ('111', '040804', '2122');
INSERT INTO `sys_user_group_oper_auth` VALUES ('1101', '0408', '2123');
INSERT INTO `sys_user_group_oper_auth` VALUES ('1101', '040802', '2124');
INSERT INTO `sys_user_group_oper_auth` VALUES ('1102', '04', '2125');
INSERT INTO `sys_user_group_oper_auth` VALUES ('1102', '0406', '2126');
INSERT INTO `sys_user_group_oper_auth` VALUES ('1102', '040601', '2127');
INSERT INTO `sys_user_group_oper_auth` VALUES ('1102', '040602', '2128');
INSERT INTO `sys_user_group_oper_auth` VALUES ('1102', '040604', '2129');
INSERT INTO `sys_user_group_oper_auth` VALUES ('1102', '040607', '2130');
INSERT INTO `sys_user_group_oper_auth` VALUES ('121', '0105', '2131');
INSERT INTO `sys_user_group_oper_auth` VALUES ('121', '010503', '2132');
INSERT INTO `sys_user_group_oper_auth` VALUES ('131', '0105', '2133');
INSERT INTO `sys_user_group_oper_auth` VALUES ('131', '010503', '2134');
INSERT INTO `sys_user_group_oper_auth` VALUES ('121', '050103', '2140');
INSERT INTO `sys_user_group_oper_auth` VALUES ('122', '050103', '2141');
INSERT INTO `sys_user_group_oper_auth` VALUES ('111', '050103', '2142');
INSERT INTO `sys_user_group_oper_auth` VALUES ('121', '0102', '2143');
INSERT INTO `sys_user_group_oper_auth` VALUES ('121', '010202', '2144');
INSERT INTO `sys_user_group_oper_auth` VALUES ('122', '0102', '2145');
INSERT INTO `sys_user_group_oper_auth` VALUES ('122', '010202', '2146');
INSERT INTO `sys_user_group_oper_auth` VALUES ('131', '0102', '2147');
INSERT INTO `sys_user_group_oper_auth` VALUES ('131', '010202', '2148');
INSERT INTO `sys_user_group_oper_auth` VALUES ('122', '01', '2149');
INSERT INTO `sys_user_group_oper_auth` VALUES ('132', '01', '2150');
INSERT INTO `sys_user_group_oper_auth` VALUES ('132', '0102', '2151');
INSERT INTO `sys_user_group_oper_auth` VALUES ('132', '010202', '2152');
INSERT INTO `sys_user_group_oper_auth` VALUES ('111', '090504', '2153');
INSERT INTO `sys_user_group_oper_auth` VALUES ('111', '090403', '2154');
INSERT INTO `sys_user_group_oper_auth` VALUES ('111', '1009', '2155');
INSERT INTO `sys_user_group_oper_auth` VALUES ('111', '1007', '2156');
INSERT INTO `sys_user_group_oper_auth` VALUES ('1101', '1007', '2157');
INSERT INTO `sys_user_group_oper_auth` VALUES ('1101', '1008', '2158');
INSERT INTO `sys_user_group_oper_auth` VALUES ('1101', '1009', '2159');
INSERT INTO `sys_user_group_oper_auth` VALUES ('121', '06', '2160');
INSERT INTO `sys_user_group_oper_auth` VALUES ('123', '06', '2161');
INSERT INTO `sys_user_group_oper_auth` VALUES ('121', '0603', '2162');
INSERT INTO `sys_user_group_oper_auth` VALUES ('123', '0603', '2163');
INSERT INTO `sys_user_group_oper_auth` VALUES ('111', '0506', '2164');
INSERT INTO `sys_user_group_oper_auth` VALUES ('111', '050601', '2165');
INSERT INTO `sys_user_group_oper_auth` VALUES ('111', '050602', '2166');
INSERT INTO `sys_user_group_oper_auth` VALUES ('111', '050603', '2167');
INSERT INTO `sys_user_group_oper_auth` VALUES ('', null, '2176');
INSERT INTO `sys_user_group_oper_auth` VALUES ('131', '10', '2237');
INSERT INTO `sys_user_group_oper_auth` VALUES ('131', '1007', '2238');
INSERT INTO `sys_user_group_oper_auth` VALUES ('111', '1010', '2239');
INSERT INTO `sys_user_group_oper_auth` VALUES ('1101', '1010', '2240');
INSERT INTO `sys_user_group_oper_auth` VALUES ('111', '0409', '2241');
INSERT INTO `sys_user_group_oper_auth` VALUES ('121', '0409', '2242');
INSERT INTO `sys_user_group_oper_auth` VALUES ('122', '0409', '2243');
INSERT INTO `sys_user_group_oper_auth` VALUES ('124', '0409', '2244');
INSERT INTO `sys_user_group_oper_auth` VALUES ('125', '0409', '2245');
INSERT INTO `sys_user_group_oper_auth` VALUES ('131', '0409', '2246');
INSERT INTO `sys_user_group_oper_auth` VALUES ('132', '0409', '2247');
INSERT INTO `sys_user_group_oper_auth` VALUES ('133', '0409', '2248');
INSERT INTO `sys_user_group_oper_auth` VALUES ('1102', '0407', '2249');
INSERT INTO `sys_user_group_oper_auth` VALUES ('1103', '04', '2250');
INSERT INTO `sys_user_group_oper_auth` VALUES ('1103', '0406', '2251');
INSERT INTO `sys_user_group_oper_auth` VALUES ('1103', '040601', '2252');
INSERT INTO `sys_user_group_oper_auth` VALUES ('1103', '040602', '2253');
INSERT INTO `sys_user_group_oper_auth` VALUES ('1103', '040604', '2254');
INSERT INTO `sys_user_group_oper_auth` VALUES ('1103', '040607', '2255');
INSERT INTO `sys_user_group_oper_auth` VALUES ('1103', '0407', '2256');
INSERT INTO `sys_user_group_oper_auth` VALUES ('1103', '10', '2257');
INSERT INTO `sys_user_group_oper_auth` VALUES ('1103', '1001', '2258');
INSERT INTO `sys_user_group_oper_auth` VALUES ('1103', '1002', '2259');
INSERT INTO `sys_user_group_oper_auth` VALUES ('1103', '1003', '2260');
INSERT INTO `sys_user_group_oper_auth` VALUES ('1103', '1004', '2261');
INSERT INTO `sys_user_group_oper_auth` VALUES ('1103', '1005', '2262');
INSERT INTO `sys_user_group_oper_auth` VALUES ('1103', '1006', '2263');
INSERT INTO `sys_user_group_oper_auth` VALUES ('1103', '1007', '2264');
INSERT INTO `sys_user_group_oper_auth` VALUES ('1103', '1008', '2265');
INSERT INTO `sys_user_group_oper_auth` VALUES ('1103', '1009', '2266');
INSERT INTO `sys_user_group_oper_auth` VALUES ('1103', '1010', '2267');
INSERT INTO `sys_user_group_oper_auth` VALUES ('126', '04', '2272');
INSERT INTO `sys_user_group_oper_auth` VALUES ('126', '0406', '2273');
INSERT INTO `sys_user_group_oper_auth` VALUES ('126', '040601', '2274');
INSERT INTO `sys_user_group_oper_auth` VALUES ('126', '040602', '2275');
INSERT INTO `sys_user_group_oper_auth` VALUES ('126', '040604', '2276');
INSERT INTO `sys_user_group_oper_auth` VALUES ('126', '040607', '2277');
INSERT INTO `sys_user_group_oper_auth` VALUES ('126', '0407', '2278');
INSERT INTO `sys_user_group_oper_auth` VALUES ('1104', '04', '2303');
INSERT INTO `sys_user_group_oper_auth` VALUES ('1104', '0406', '2304');
INSERT INTO `sys_user_group_oper_auth` VALUES ('1104', '040601', '2305');
INSERT INTO `sys_user_group_oper_auth` VALUES ('1104', '040602', '2306');
INSERT INTO `sys_user_group_oper_auth` VALUES ('1104', '040604', '2307');
INSERT INTO `sys_user_group_oper_auth` VALUES ('1104', '040607', '2308');
INSERT INTO `sys_user_group_oper_auth` VALUES ('1104', '0407', '2309');
INSERT INTO `sys_user_group_oper_auth` VALUES ('1104', '10', '2310');
INSERT INTO `sys_user_group_oper_auth` VALUES ('1104', '1003', '2311');
INSERT INTO `sys_user_group_oper_auth` VALUES ('1104', '1006', '2312');
INSERT INTO `sys_user_group_oper_auth` VALUES ('122', '0105', '2318');
INSERT INTO `sys_user_group_oper_auth` VALUES ('122', '010503', '2319');
INSERT INTO `sys_user_group_oper_auth` VALUES ('', null, '2320');
INSERT INTO `sys_user_group_oper_auth` VALUES ('123', '01', '2321');
INSERT INTO `sys_user_group_oper_auth` VALUES ('123', '0105', '2322');
INSERT INTO `sys_user_group_oper_auth` VALUES ('123', '010503', '2323');
INSERT INTO `sys_user_group_oper_auth` VALUES ('124', '01', '2324');
INSERT INTO `sys_user_group_oper_auth` VALUES ('124', '0105', '2325');
INSERT INTO `sys_user_group_oper_auth` VALUES ('124', '010503', '2326');
INSERT INTO `sys_user_group_oper_auth` VALUES ('127', '03', '2327');
INSERT INTO `sys_user_group_oper_auth` VALUES ('127', '0301', '2328');
INSERT INTO `sys_user_group_oper_auth` VALUES ('127', '030101', '2329');
INSERT INTO `sys_user_group_oper_auth` VALUES ('127', '03010101', '2330');
INSERT INTO `sys_user_group_oper_auth` VALUES ('127', '030103', '2331');
INSERT INTO `sys_user_group_oper_auth` VALUES ('127', '030104', '2332');
INSERT INTO `sys_user_group_oper_auth` VALUES ('127', '0302', '2333');
INSERT INTO `sys_user_group_oper_auth` VALUES ('127', '030203', '2334');
INSERT INTO `sys_user_group_oper_auth` VALUES ('127', '0303', '2335');
INSERT INTO `sys_user_group_oper_auth` VALUES ('127', '030301', '2336');
INSERT INTO `sys_user_group_oper_auth` VALUES ('127', '030303', '2337');
INSERT INTO `sys_user_group_oper_auth` VALUES ('127', '030306', '2338');
INSERT INTO `sys_user_group_oper_auth` VALUES ('127', '04', '2339');
INSERT INTO `sys_user_group_oper_auth` VALUES ('127', '0401', '2340');
INSERT INTO `sys_user_group_oper_auth` VALUES ('127', '040101', '2341');
INSERT INTO `sys_user_group_oper_auth` VALUES ('127', '040102', '2342');
INSERT INTO `sys_user_group_oper_auth` VALUES ('127', '040103', '2343');
INSERT INTO `sys_user_group_oper_auth` VALUES ('127', '0402', '2344');
INSERT INTO `sys_user_group_oper_auth` VALUES ('127', '040201', '2345');
INSERT INTO `sys_user_group_oper_auth` VALUES ('127', '040202', '2346');
INSERT INTO `sys_user_group_oper_auth` VALUES ('127', '0403', '2347');
INSERT INTO `sys_user_group_oper_auth` VALUES ('127', '040301', '2348');
INSERT INTO `sys_user_group_oper_auth` VALUES ('127', '040302', '2349');
INSERT INTO `sys_user_group_oper_auth` VALUES ('127', '040303', '2350');
INSERT INTO `sys_user_group_oper_auth` VALUES ('127', '0405', '2351');
INSERT INTO `sys_user_group_oper_auth` VALUES ('127', '040501', '2352');
INSERT INTO `sys_user_group_oper_auth` VALUES ('127', '0406', '2353');
INSERT INTO `sys_user_group_oper_auth` VALUES ('127', '040601', '2354');
INSERT INTO `sys_user_group_oper_auth` VALUES ('127', '040602', '2355');
INSERT INTO `sys_user_group_oper_auth` VALUES ('127', '030105', '2356');
INSERT INTO `sys_user_group_oper_auth` VALUES ('127', '030307', '2357');
INSERT INTO `sys_user_group_oper_auth` VALUES ('127', '040604', '2358');
INSERT INTO `sys_user_group_oper_auth` VALUES ('127', '0407', '2359');
INSERT INTO `sys_user_group_oper_auth` VALUES ('127', '040605', '2360');
INSERT INTO `sys_user_group_oper_auth` VALUES ('127', '040606', '2361');
INSERT INTO `sys_user_group_oper_auth` VALUES ('127', '0409', '2371');
INSERT INTO `sys_user_group_oper_auth` VALUES ('127', '0502', '2390');
INSERT INTO `sys_user_group_oper_auth` VALUES ('127', '050201', '2391');
INSERT INTO `sys_user_group_oper_auth` VALUES ('127', '0501', '2392');
INSERT INTO `sys_user_group_oper_auth` VALUES ('127', '050103', '2393');
INSERT INTO `sys_user_group_oper_auth` VALUES ('127', '05', '2394');
INSERT INTO `sys_user_group_oper_auth` VALUES ('125', '040607', '2395');
INSERT INTO `sys_user_group_oper_auth` VALUES ('121', '040607', '2396');
INSERT INTO `sys_user_group_oper_auth` VALUES ('1105', '04', '2397');
INSERT INTO `sys_user_group_oper_auth` VALUES ('1105', '0406', '2398');
INSERT INTO `sys_user_group_oper_auth` VALUES ('1105', '0407', '2399');
INSERT INTO `sys_user_group_oper_auth` VALUES ('1105', '040601', '2400');
INSERT INTO `sys_user_group_oper_auth` VALUES ('1105', '040602', '2401');
INSERT INTO `sys_user_group_oper_auth` VALUES ('1105', '040604', '2402');
INSERT INTO `sys_user_group_oper_auth` VALUES ('1105', '040607', '2403');
INSERT INTO `sys_user_group_oper_auth` VALUES ('1105', '02', '2404');
INSERT INTO `sys_user_group_oper_auth` VALUES ('1105', '0202', '2406');
INSERT INTO `sys_user_group_oper_auth` VALUES ('1105', '0203', '2407');
INSERT INTO `sys_user_group_oper_auth` VALUES ('1105', '0210', '2408');
INSERT INTO `sys_user_group_oper_auth` VALUES ('120', '02', '2409');
INSERT INTO `sys_user_group_oper_auth` VALUES ('120', '0202', '2410');
INSERT INTO `sys_user_group_oper_auth` VALUES ('120', '0203', '2411');
INSERT INTO `sys_user_group_oper_auth` VALUES ('120', '0210', '2412');
INSERT INTO `sys_user_group_oper_auth` VALUES ('111', '090404', '2421');
INSERT INTO `sys_user_group_oper_auth` VALUES ('111', '0304', '2422');
INSERT INTO `sys_user_group_oper_auth` VALUES ('121', '030401', '2423');
INSERT INTO `sys_user_group_oper_auth` VALUES ('111', '030402', '2424');
INSERT INTO `sys_user_group_oper_auth` VALUES ('123', '05', '2425');
INSERT INTO `sys_user_group_oper_auth` VALUES ('123', '0501', '2426');
INSERT INTO `sys_user_group_oper_auth` VALUES ('123', '050101', '2427');
INSERT INTO `sys_user_group_oper_auth` VALUES ('123', '0502', '2428');
INSERT INTO `sys_user_group_oper_auth` VALUES ('123', '050201', '2429');
INSERT INTO `sys_user_group_oper_auth` VALUES ('111', '090505', '2430');
INSERT INTO `sys_user_group_oper_auth` VALUES ('111', '100801', '2431');
INSERT INTO `sys_user_group_oper_auth` VALUES ('111', '100802', '2432');
INSERT INTO `sys_user_group_oper_auth` VALUES ('121', '030403', '2433');
INSERT INTO `sys_user_group_oper_auth` VALUES ('111', '030404', '2434');
INSERT INTO `sys_user_group_oper_auth` VALUES ('121', '0304', '2435');
INSERT INTO `sys_user_group_oper_auth` VALUES ('123', '0304', '2436');
INSERT INTO `sys_user_group_oper_auth` VALUES ('123', '030401', '2437');
INSERT INTO `sys_user_group_oper_auth` VALUES ('123', '030403', '2438');
INSERT INTO `sys_user_group_oper_auth` VALUES ('125', '0304', '2439');
INSERT INTO `sys_user_group_oper_auth` VALUES ('125', '030401', '2440');
INSERT INTO `sys_user_group_oper_auth` VALUES ('125', '030403', '2441');
INSERT INTO `sys_user_group_oper_auth` VALUES ('123', '03', '2443');
INSERT INTO `sys_user_group_oper_auth` VALUES ('131', '040607', '2448');
INSERT INTO `sys_user_group_oper_auth` VALUES ('133', '040607', '2449');
INSERT INTO `sys_user_group_oper_auth` VALUES ('111', '0305', '2450');
INSERT INTO `sys_user_group_oper_auth` VALUES ('111', '030501', '2451');
INSERT INTO `sys_user_group_oper_auth` VALUES ('111', '030502', '2452');
INSERT INTO `sys_user_group_oper_auth` VALUES ('111', '030503', '2453');
INSERT INTO `sys_user_group_oper_auth` VALUES ('111', '030504', '2454');
INSERT INTO `sys_user_group_oper_auth` VALUES ('111', '1011', '2455');
INSERT INTO `sys_user_group_oper_auth` VALUES ('111', '1012', '2456');
INSERT INTO `sys_user_group_oper_auth` VALUES ('111', '1014', '2457');
INSERT INTO `sys_user_group_oper_auth` VALUES ('111', '0410', '2459');
INSERT INTO `sys_user_group_oper_auth` VALUES ('111', '1015', '2461');
INSERT INTO `sys_user_group_oper_auth` VALUES ('121', '0212', '2462');
INSERT INTO `sys_user_group_oper_auth` VALUES ('111', '090405', '2463');
INSERT INTO `sys_user_group_oper_auth` VALUES ('131', '0402', '2464');
INSERT INTO `sys_user_group_oper_auth` VALUES ('131', '040201', '2465');
INSERT INTO `sys_user_group_oper_auth` VALUES ('131', '040202', '2466');
INSERT INTO `sys_user_group_oper_auth` VALUES ('133', '0402', '2467');
INSERT INTO `sys_user_group_oper_auth` VALUES ('133', '040201', '2468');
INSERT INTO `sys_user_group_oper_auth` VALUES ('133', '040202', '2469');
INSERT INTO `sys_user_group_oper_auth` VALUES ('131', '050102', '2470');
INSERT INTO `sys_user_group_oper_auth` VALUES ('132', '050102', '2471');
INSERT INTO `sys_user_group_oper_auth` VALUES ('131', '0504', '2472');
INSERT INTO `sys_user_group_oper_auth` VALUES ('131', '050401', '2473');
INSERT INTO `sys_user_group_oper_auth` VALUES ('132', '0504', '2474');
INSERT INTO `sys_user_group_oper_auth` VALUES ('132', '050401', '2475');
INSERT INTO `sys_user_group_oper_auth` VALUES ('121', '10', '2476');
INSERT INTO `sys_user_group_oper_auth` VALUES ('121', '1001', '2477');
INSERT INTO `sys_user_group_oper_auth` VALUES ('121', '1002', '2478');
INSERT INTO `sys_user_group_oper_auth` VALUES ('121', '1003', '2479');
INSERT INTO `sys_user_group_oper_auth` VALUES ('121', '1004', '2480');
INSERT INTO `sys_user_group_oper_auth` VALUES ('121', '1005', '2481');
INSERT INTO `sys_user_group_oper_auth` VALUES ('121', '1006', '2482');
INSERT INTO `sys_user_group_oper_auth` VALUES ('121', '1007', '2483');
INSERT INTO `sys_user_group_oper_auth` VALUES ('121', '1008', '2484');
INSERT INTO `sys_user_group_oper_auth` VALUES ('121', '100801', '2485');
INSERT INTO `sys_user_group_oper_auth` VALUES ('121', '100802', '2486');
INSERT INTO `sys_user_group_oper_auth` VALUES ('121', '1010', '2488');
INSERT INTO `sys_user_group_oper_auth` VALUES ('121', '1011', '2489');
INSERT INTO `sys_user_group_oper_auth` VALUES ('131', '1012', '2490');
INSERT INTO `sys_user_group_oper_auth` VALUES ('121', '1015', '2493');
INSERT INTO `sys_user_group_oper_auth` VALUES ('122', '10', '2507');
INSERT INTO `sys_user_group_oper_auth` VALUES ('122', '1001', '2508');
INSERT INTO `sys_user_group_oper_auth` VALUES ('122', '1002', '2509');
INSERT INTO `sys_user_group_oper_auth` VALUES ('122', '1003', '2510');
INSERT INTO `sys_user_group_oper_auth` VALUES ('122', '1004', '2511');
INSERT INTO `sys_user_group_oper_auth` VALUES ('122', '1005', '2512');
INSERT INTO `sys_user_group_oper_auth` VALUES ('122', '1006', '2513');
INSERT INTO `sys_user_group_oper_auth` VALUES ('122', '1007', '2514');
INSERT INTO `sys_user_group_oper_auth` VALUES ('122', '1008', '2515');
INSERT INTO `sys_user_group_oper_auth` VALUES ('122', '100802', '2517');
INSERT INTO `sys_user_group_oper_auth` VALUES ('122', '1010', '2519');
INSERT INTO `sys_user_group_oper_auth` VALUES ('122', '1011', '2520');
INSERT INTO `sys_user_group_oper_auth` VALUES ('122', '1015', '2524');
INSERT INTO `sys_user_group_oper_auth` VALUES ('123', '10', '2538');
INSERT INTO `sys_user_group_oper_auth` VALUES ('123', '1001', '2539');
INSERT INTO `sys_user_group_oper_auth` VALUES ('123', '1002', '2540');
INSERT INTO `sys_user_group_oper_auth` VALUES ('123', '1003', '2541');
INSERT INTO `sys_user_group_oper_auth` VALUES ('123', '1004', '2542');
INSERT INTO `sys_user_group_oper_auth` VALUES ('123', '1005', '2543');
INSERT INTO `sys_user_group_oper_auth` VALUES ('123', '1006', '2544');
INSERT INTO `sys_user_group_oper_auth` VALUES ('123', '1007', '2545');
INSERT INTO `sys_user_group_oper_auth` VALUES ('123', '1008', '2546');
INSERT INTO `sys_user_group_oper_auth` VALUES ('123', '100802', '2548');
INSERT INTO `sys_user_group_oper_auth` VALUES ('123', '1010', '2550');
INSERT INTO `sys_user_group_oper_auth` VALUES ('123', '1011', '2551');
INSERT INTO `sys_user_group_oper_auth` VALUES ('123', '1015', '2555');
INSERT INTO `sys_user_group_oper_auth` VALUES ('124', '10', '2569');
INSERT INTO `sys_user_group_oper_auth` VALUES ('124', '1001', '2570');
INSERT INTO `sys_user_group_oper_auth` VALUES ('124', '1002', '2571');
INSERT INTO `sys_user_group_oper_auth` VALUES ('124', '1003', '2572');
INSERT INTO `sys_user_group_oper_auth` VALUES ('124', '1004', '2573');
INSERT INTO `sys_user_group_oper_auth` VALUES ('124', '1005', '2574');
INSERT INTO `sys_user_group_oper_auth` VALUES ('124', '1006', '2575');
INSERT INTO `sys_user_group_oper_auth` VALUES ('124', '1007', '2576');
INSERT INTO `sys_user_group_oper_auth` VALUES ('124', '1008', '2577');
INSERT INTO `sys_user_group_oper_auth` VALUES ('124', '100802', '2579');
INSERT INTO `sys_user_group_oper_auth` VALUES ('124', '1010', '2581');
INSERT INTO `sys_user_group_oper_auth` VALUES ('124', '1011', '2582');
INSERT INTO `sys_user_group_oper_auth` VALUES ('124', '1015', '2586');
INSERT INTO `sys_user_group_oper_auth` VALUES ('125', '10', '2600');
INSERT INTO `sys_user_group_oper_auth` VALUES ('125', '1001', '2601');
INSERT INTO `sys_user_group_oper_auth` VALUES ('125', '1002', '2602');
INSERT INTO `sys_user_group_oper_auth` VALUES ('125', '1003', '2603');
INSERT INTO `sys_user_group_oper_auth` VALUES ('125', '1004', '2604');
INSERT INTO `sys_user_group_oper_auth` VALUES ('125', '1005', '2605');
INSERT INTO `sys_user_group_oper_auth` VALUES ('125', '1006', '2606');
INSERT INTO `sys_user_group_oper_auth` VALUES ('125', '1007', '2607');
INSERT INTO `sys_user_group_oper_auth` VALUES ('125', '1008', '2608');
INSERT INTO `sys_user_group_oper_auth` VALUES ('125', '100802', '2610');
INSERT INTO `sys_user_group_oper_auth` VALUES ('125', '1010', '2612');
INSERT INTO `sys_user_group_oper_auth` VALUES ('125', '1011', '2613');
INSERT INTO `sys_user_group_oper_auth` VALUES ('125', '1015', '2617');
INSERT INTO `sys_user_group_oper_auth` VALUES ('126', '10', '2631');
INSERT INTO `sys_user_group_oper_auth` VALUES ('126', '1001', '2632');
INSERT INTO `sys_user_group_oper_auth` VALUES ('126', '1002', '2633');
INSERT INTO `sys_user_group_oper_auth` VALUES ('126', '1003', '2634');
INSERT INTO `sys_user_group_oper_auth` VALUES ('126', '1004', '2635');
INSERT INTO `sys_user_group_oper_auth` VALUES ('126', '1005', '2636');
INSERT INTO `sys_user_group_oper_auth` VALUES ('126', '1006', '2637');
INSERT INTO `sys_user_group_oper_auth` VALUES ('126', '1007', '2638');
INSERT INTO `sys_user_group_oper_auth` VALUES ('126', '1008', '2639');
INSERT INTO `sys_user_group_oper_auth` VALUES ('126', '100802', '2641');
INSERT INTO `sys_user_group_oper_auth` VALUES ('126', '1010', '2643');
INSERT INTO `sys_user_group_oper_auth` VALUES ('126', '1011', '2644');
INSERT INTO `sys_user_group_oper_auth` VALUES ('126', '1015', '2648');
INSERT INTO `sys_user_group_oper_auth` VALUES ('127', '10', '2662');
INSERT INTO `sys_user_group_oper_auth` VALUES ('127', '1001', '2663');
INSERT INTO `sys_user_group_oper_auth` VALUES ('127', '1002', '2664');
INSERT INTO `sys_user_group_oper_auth` VALUES ('127', '1003', '2665');
INSERT INTO `sys_user_group_oper_auth` VALUES ('127', '1004', '2666');
INSERT INTO `sys_user_group_oper_auth` VALUES ('127', '1005', '2667');
INSERT INTO `sys_user_group_oper_auth` VALUES ('127', '1006', '2668');
INSERT INTO `sys_user_group_oper_auth` VALUES ('127', '1007', '2669');
INSERT INTO `sys_user_group_oper_auth` VALUES ('127', '1008', '2670');
INSERT INTO `sys_user_group_oper_auth` VALUES ('127', '100802', '2672');
INSERT INTO `sys_user_group_oper_auth` VALUES ('127', '1010', '2674');
INSERT INTO `sys_user_group_oper_auth` VALUES ('127', '1011', '2675');
INSERT INTO `sys_user_group_oper_auth` VALUES ('127', '1015', '2679');
INSERT INTO `sys_user_group_oper_auth` VALUES ('123', '04', '2693');
INSERT INTO `sys_user_group_oper_auth` VALUES ('123', '0406', '2694');
INSERT INTO `sys_user_group_oper_auth` VALUES ('123', '040601', '2695');
INSERT INTO `sys_user_group_oper_auth` VALUES ('123', '040602', '2696');
INSERT INTO `sys_user_group_oper_auth` VALUES ('111', '0507', '2698');
INSERT INTO `sys_user_group_oper_auth` VALUES ('111', '050702', '2699');
INSERT INTO `sys_user_group_oper_auth` VALUES ('111', '050703', '2700');
INSERT INTO `sys_user_group_oper_auth` VALUES ('121', '0507', '2701');
INSERT INTO `sys_user_group_oper_auth` VALUES ('121', '050701', '2702');
INSERT INTO `sys_user_group_oper_auth` VALUES ('121', '050704', '2703');
INSERT INTO `sys_user_group_oper_auth` VALUES ('122', '0507', '2704');
INSERT INTO `sys_user_group_oper_auth` VALUES ('122', '050701', '2705');
INSERT INTO `sys_user_group_oper_auth` VALUES ('122', '050704', '2706');
INSERT INTO `sys_user_group_oper_auth` VALUES ('123', '0507', '2707');
INSERT INTO `sys_user_group_oper_auth` VALUES ('123', '050701', '2708');
INSERT INTO `sys_user_group_oper_auth` VALUES ('123', '050704', '2709');
INSERT INTO `sys_user_group_oper_auth` VALUES ('1105', '10', '2710');
INSERT INTO `sys_user_group_oper_auth` VALUES ('1105', '1001', '2711');
INSERT INTO `sys_user_group_oper_auth` VALUES ('1105', '1002', '2712');
INSERT INTO `sys_user_group_oper_auth` VALUES ('1105', '1003', '2713');
INSERT INTO `sys_user_group_oper_auth` VALUES ('1105', '1004', '2714');
INSERT INTO `sys_user_group_oper_auth` VALUES ('1105', '1005', '2715');
INSERT INTO `sys_user_group_oper_auth` VALUES ('1105', '1006', '2716');
INSERT INTO `sys_user_group_oper_auth` VALUES ('1105', '1007', '2717');
INSERT INTO `sys_user_group_oper_auth` VALUES ('1105', '1008', '2718');
INSERT INTO `sys_user_group_oper_auth` VALUES ('1105', '100802', '2720');
INSERT INTO `sys_user_group_oper_auth` VALUES ('1105', '1010', '2722');
INSERT INTO `sys_user_group_oper_auth` VALUES ('1105', '1011', '2723');
INSERT INTO `sys_user_group_oper_auth` VALUES ('1105', '1012', '2724');
INSERT INTO `sys_user_group_oper_auth` VALUES ('1105', '1014', '2726');
INSERT INTO `sys_user_group_oper_auth` VALUES ('1105', '1015', '2727');
INSERT INTO `sys_user_group_oper_auth` VALUES ('111', '0508', '2741');
INSERT INTO `sys_user_group_oper_auth` VALUES ('123', '0212', '2742');
INSERT INTO `sys_user_group_oper_auth` VALUES ('127', '050101', '2743');
INSERT INTO `sys_user_group_oper_auth` VALUES ('127', '050102', '2744');
INSERT INTO `sys_user_group_oper_auth` VALUES ('127', '0504', '2745');
INSERT INTO `sys_user_group_oper_auth` VALUES ('127', '050401', '2746');
INSERT INTO `sys_user_group_oper_auth` VALUES ('121', '0506', '2751');
INSERT INTO `sys_user_group_oper_auth` VALUES ('122', '0506', '2752');
INSERT INTO `sys_user_group_oper_auth` VALUES ('121', '050601', '2753');
INSERT INTO `sys_user_group_oper_auth` VALUES ('122', '050601', '2754');
INSERT INTO `sys_user_group_oper_auth` VALUES ('121', '050602', '2755');
INSERT INTO `sys_user_group_oper_auth` VALUES ('122', '050602', '2756');
INSERT INTO `sys_user_group_oper_auth` VALUES ('121', '050603', '2757');
INSERT INTO `sys_user_group_oper_auth` VALUES ('122', '050603', '2758');
INSERT INTO `sys_user_group_oper_auth` VALUES ('121', '040608', '2759');
INSERT INTO `sys_user_group_oper_auth` VALUES ('121', '040609', '2760');
INSERT INTO `sys_user_group_oper_auth` VALUES ('122', '040608', '2761');
INSERT INTO `sys_user_group_oper_auth` VALUES ('122', '040609', '2762');
INSERT INTO `sys_user_group_oper_auth` VALUES ('119', '10', '2763');
INSERT INTO `sys_user_group_oper_auth` VALUES ('119', '1001', '2764');
INSERT INTO `sys_user_group_oper_auth` VALUES ('119', '1002', '2765');
INSERT INTO `sys_user_group_oper_auth` VALUES ('119', '1003', '2766');
INSERT INTO `sys_user_group_oper_auth` VALUES ('119', '1004', '2767');
INSERT INTO `sys_user_group_oper_auth` VALUES ('119', '1005', '2768');
INSERT INTO `sys_user_group_oper_auth` VALUES ('119', '1006', '2769');
INSERT INTO `sys_user_group_oper_auth` VALUES ('119', '1007', '2770');
INSERT INTO `sys_user_group_oper_auth` VALUES ('119', '1008', '2771');
INSERT INTO `sys_user_group_oper_auth` VALUES ('119', '100801', '2772');
INSERT INTO `sys_user_group_oper_auth` VALUES ('119', '100802', '2773');
INSERT INTO `sys_user_group_oper_auth` VALUES ('119', '1009', '2774');
INSERT INTO `sys_user_group_oper_auth` VALUES ('119', '1010', '2775');
INSERT INTO `sys_user_group_oper_auth` VALUES ('119', '1011', '2776');
INSERT INTO `sys_user_group_oper_auth` VALUES ('119', '1012', '2777');
INSERT INTO `sys_user_group_oper_auth` VALUES ('119', '1014', '2778');
INSERT INTO `sys_user_group_oper_auth` VALUES ('119', '1015', '2779');
INSERT INTO `sys_user_group_oper_auth` VALUES ('121', '0508', '2794');
INSERT INTO `sys_user_group_oper_auth` VALUES ('121', '0410', '2795');
INSERT INTO `sys_user_group_oper_auth` VALUES ('122', '0508', '2796');
INSERT INTO `sys_user_group_oper_auth` VALUES ('119', '0409', '2797');
INSERT INTO `sys_user_group_oper_auth` VALUES ('119', '0410', '2798');
INSERT INTO `sys_user_group_oper_auth` VALUES ('111', '1016', '2800');
INSERT INTO `sys_user_group_oper_auth` VALUES ('121', '1016', '2801');
INSERT INTO `sys_user_group_oper_auth` VALUES ('111', '0704', '2802');
INSERT INTO `sys_user_group_oper_auth` VALUES ('111', '1017', '2803');
INSERT INTO `sys_user_group_oper_auth` VALUES ('121', '1017', '2804');
INSERT INTO `sys_user_group_oper_auth` VALUES ('124', '040603', '2805');
INSERT INTO `sys_user_group_oper_auth` VALUES ('124', '040608', '2806');
INSERT INTO `sys_user_group_oper_auth` VALUES ('124', '040609', '2807');
INSERT INTO `sys_user_group_oper_auth` VALUES ('111', '050104', '2808');
INSERT INTO `sys_user_group_oper_auth` VALUES ('111', '050105', '2809');
INSERT INTO `sys_user_group_oper_auth` VALUES ('111', '0705', '2810');
INSERT INTO `sys_user_group_oper_auth` VALUES ('111', '070501', '2811');
INSERT INTO `sys_user_group_oper_auth` VALUES ('111', '070502', '2812');
INSERT INTO `sys_user_group_oper_auth` VALUES ('131', '1017', '2813');
INSERT INTO `sys_user_group_oper_auth` VALUES ('131', '1015', '2814');
INSERT INTO `sys_user_group_oper_auth` VALUES ('131', '1011', '2815');
INSERT INTO `sys_user_group_oper_auth` VALUES ('131', '0603', '2816');
INSERT INTO `sys_user_group_oper_auth` VALUES ('131', '06', '2817');
INSERT INTO `sys_user_group_oper_auth` VALUES ('131', '0410', '2819');
INSERT INTO `sys_user_group_oper_auth` VALUES ('1103', '1011', '2820');
INSERT INTO `sys_user_group_oper_auth` VALUES ('1103', '1012', '2821');
INSERT INTO `sys_user_group_oper_auth` VALUES ('1103', '1014', '2822');
INSERT INTO `sys_user_group_oper_auth` VALUES ('1103', '1015', '2823');
INSERT INTO `sys_user_group_oper_auth` VALUES ('1103', '1016', '2824');
INSERT INTO `sys_user_group_oper_auth` VALUES ('1103', '1017', '2825');
INSERT INTO `sys_user_group_oper_auth` VALUES ('131', '0803', '2826');
INSERT INTO `sys_user_group_oper_auth` VALUES ('131', '080305', '2827');
INSERT INTO `sys_user_group_oper_auth` VALUES ('131', '080303', '2828');
INSERT INTO `sys_user_group_oper_auth` VALUES ('1', '050202', '2829');
INSERT INTO `sys_user_group_oper_auth` VALUES ('122', '050202', '2830');
INSERT INTO `sys_user_group_oper_auth` VALUES ('132', '050202', '2831');
INSERT INTO `sys_user_group_oper_auth` VALUES ('131', '050202', '2832');
INSERT INTO `sys_user_group_oper_auth` VALUES ('121', '050202', '2833');
INSERT INTO `sys_user_group_oper_auth` VALUES ('114', '050202', '2834');
INSERT INTO `sys_user_group_oper_auth` VALUES ('117', '050202', '2835');
INSERT INTO `sys_user_group_oper_auth` VALUES ('118', '050202', '2836');
INSERT INTO `sys_user_group_oper_auth` VALUES ('112', '050202', '2837');
INSERT INTO `sys_user_group_oper_auth` VALUES ('111', '050202', '2838');
INSERT INTO `sys_user_group_oper_auth` VALUES ('113', '050202', '2839');
INSERT INTO `sys_user_group_oper_auth` VALUES ('127', '050202', '2840');
INSERT INTO `sys_user_group_oper_auth` VALUES ('123', '050202', '2841');
INSERT INTO `sys_user_group_oper_auth` VALUES ('1103', '0409', '2842');
INSERT INTO `sys_user_group_oper_auth` VALUES ('1103', '0410', '2843');
INSERT INTO `sys_user_group_oper_auth` VALUES ('111', '070301', '2845');
INSERT INTO `sys_user_group_oper_auth` VALUES ('111', '040610', '2846');
INSERT INTO `sys_user_group_oper_auth` VALUES ('131', '040610', '2847');
INSERT INTO `sys_user_group_oper_auth` VALUES ('131', '02', '2848');
INSERT INTO `sys_user_group_oper_auth` VALUES ('131', '0202', '2849');
INSERT INTO `sys_user_group_oper_auth` VALUES ('131', '0203', '2850');
INSERT INTO `sys_user_group_oper_auth` VALUES ('131', '0204', '2851');
INSERT INTO `sys_user_group_oper_auth` VALUES ('131', '0205', '2852');
INSERT INTO `sys_user_group_oper_auth` VALUES ('131', '0207', '2853');
INSERT INTO `sys_user_group_oper_auth` VALUES ('131', '020704', '2854');
INSERT INTO `sys_user_group_oper_auth` VALUES ('121', '0207', '2855');
INSERT INTO `sys_user_group_oper_auth` VALUES ('121', '020702', '2856');
INSERT INTO `sys_user_group_oper_auth` VALUES ('121', '020703', '2857');
INSERT INTO `sys_user_group_oper_auth` VALUES ('121', '020704', '2858');
INSERT INTO `sys_user_group_oper_auth` VALUES ('121', '040610', '2859');
INSERT INTO `sys_user_group_oper_auth` VALUES ('111', '1018', '2860');
INSERT INTO `sys_user_group_oper_auth` VALUES ('111', '1019', '2861');
INSERT INTO `sys_user_group_oper_auth` VALUES ('111', '050402', '2862');
INSERT INTO `sys_user_group_oper_auth` VALUES ('111', '1020', '2864');
INSERT INTO `sys_user_group_oper_auth` VALUES ('111', '1021', '2865');
INSERT INTO `sys_user_group_oper_auth` VALUES ('111', '0107', '2866');
INSERT INTO `sys_user_group_oper_auth` VALUES ('111', '0108', '2867');
INSERT INTO `sys_user_group_oper_auth` VALUES ('1', '0105', '2868');
INSERT INTO `sys_user_group_oper_auth` VALUES ('1', '0106', '2870');
INSERT INTO `sys_user_group_oper_auth` VALUES ('1', '0107', '2871');
INSERT INTO `sys_user_group_oper_auth` VALUES ('1', '0108', '2872');

